date,mktrf,smb,hml,rmw,cma,rf
2022-01-03,0.0072,0.0044,0.0077,-0.0117,0.0053,0.0
2022-01-04,-0.0027,-0.0006,0.0364,0.0064,0.0156,0.0
2022-01-05,-0.0226,-0.0093,0.0258,0.0141,0.0129,0.0
2022-01-06,0.0,0.0038,0.0176,-0.0056,0.0001,0.0
2022-01-07,-0.0049,-0.0096,0.0202,-0.0013,0.0085,0.0
2022-01-10,-0.0014,-0.0031,-0.0027,-0.0006,-0.0036,0.0
2022-01-11,0.0108,-0.002,-0.0027,-0.0124,0.0035,0.0
2022-01-12,0.0013,-0.0085,0.0052,0.0077,0.0029,0.0
2022-01-13,-0.0155,0.0088,0.0239,0.0118,0.0104,0.0
2022-01-14,0.0008,0.0005,0.0055,-0.0085,0.0052,0.0
2022-01-18,-0.0207,-0.009,0.0138,0.0079,0.0098,0.0
2022-01-19,-0.0102,-0.0036,-0.0067,0.0025,0.001,0.0
2022-01-20,-0.0115,-0.0084,-0.0023,-0.0031,0.0009,0.0
2022-01-21,-0.0209,0.0039,0.0047,0.0103,0.0054,0.0
2022-01-24,0.0054,0.0175,-0.0025,-0.0006,-0.0067,0.0
2022-01-25,-0.0142,-0.0018,0.028,-0.0079,0.0162,0.0
2022-01-26,-0.0029,-0.0106,0.001,0.0042,-0.0002,0.0
2022-01-27,-0.0076,-0.0146,0.0083,0.0105,0.0092,0.0
2022-01-28,0.0246,-0.0062,-0.0208,0.0016,0.0016,0.0
2022-01-31,0.0232,0.007,-0.0287,-0.0182,-0.0167,0.0
2022-02-01,0.0087,0.0012,0.0065,-0.011,0.0033,0.0
2022-02-02,0.0051,-0.0158,0.007,0.015,0.0051,0.0
2022-02-03,-0.0249,0.0046,0.0219,0.0043,0.0136,0.0
2022-02-04,0.0089,-0.003,-0.006,-0.0173,-0.012,0.0
2022-02-07,-0.0024,0.0067,0.002,-0.0071,-0.0001,0.0
2022-02-08,0.0102,0.0073,-0.0029,0.0093,-0.0042,0.0
2022-02-09,0.016,0.0002,-0.0196,-0.011,-0.0026,0.0
2022-02-10,-0.0169,0.0002,0.0123,-0.0056,0.0027,0.0
2022-02-11,-0.0191,0.0092,0.0213,-0.002,0.0143,0.0
2022-02-14,-0.0035,0.0008,-0.0062,0.0069,-0.0018,0.0
2022-02-15,0.0185,0.0102,-0.0141,-0.0068,-0.0081,0.0
2022-02-16,-0.0002,0.0004,0.0032,0.0061,0.0042,0.0
2022-02-17,-0.0229,-0.0005,0.0115,0.0088,0.0147,0.0
2022-02-18,-0.0085,0.0012,0.0095,0.0107,0.0044,0.0
2022-02-22,-0.0117,-0.0036,0.0009,-0.0004,0.0017,0.0
2022-02-23,-0.0196,0.0006,0.0125,0.0002,0.0107,0.0
2022-02-24,0.0187,0.0069,-0.0388,-0.0179,-0.018,0.0
2022-02-25,0.0224,-0.0014,0.0119,0.0036,-0.0019,0.0
2022-02-28,0.0003,0.0039,-0.0046,-0.008,0.0025,0.0
2022-03-01,-0.0155,-0.0028,-0.0085,-0.0041,0.0054,0.0
2022-03-02,0.0182,0.0063,0.013,0.0052,0.0047,0.0
2022-03-03,-0.0086,-0.0022,0.0151,0.0125,0.0125,0.0
2022-03-04,-0.0109,-0.0052,0.0072,0.0037,0.0123,0.0
2022-03-07,-0.0314,0.0073,0.0089,-0.0069,0.0135,0.0
2022-03-08,-0.0053,0.01,0.003,-0.0112,-0.0024,0.0
2022-03-09,0.0279,0.0001,-0.0217,-0.0041,-0.0158,0.0
2022-03-10,-0.0047,0.003,0.0118,-0.0033,0.0034,0.0
2022-03-11,-0.0148,-0.0012,0.0176,0.0097,0.0064,0.0
2022-03-14,-0.0104,-0.0084,0.0179,0.0219,0.001,0.0
2022-03-15,0.0215,-0.0049,-0.0237,0.0077,-0.0099,0.0
2022-03-16,0.026,0.0044,-0.0185,-0.0116,-0.0158,0.0
2022-03-17,0.0142,0.0016,-0.0106,-0.0161,-0.002,0.0
2022-03-18,0.0132,-0.0019,-0.0187,-0.0055,-0.0084,0.0
2022-03-21,-0.0017,-0.0094,0.0164,-0.002,0.0155,0.0
2022-03-22,0.013,-0.0022,-0.0119,-0.0082,-0.0103,0.0
2022-03-23,-0.0126,-0.0062,0.004,-0.0051,0.0152,0.0
2022-03-24,0.0142,-0.0032,-0.0082,-0.0048,-0.0013,0.0
2022-03-25,0.0028,-0.003,0.0219,0.002,0.0137,0.0
2022-03-28,0.0073,-0.0087,-0.0172,0.0051,-0.0124,0.0
2022-03-29,0.0143,0.0119,-0.0192,-0.0032,-0.0099,0.0
2022-03-30,-0.0082,-0.0112,0.004,0.0037,0.0092,0.0
2022-03-31,-0.0154,0.0062,-0.0045,-0.0022,0.004,0.0
2022-04-01,0.0039,0.0058,-0.0061,-0.0092,0.0005,0.0
2022-04-04,0.0093,-0.0056,-0.0186,-0.0077,-0.007,0.0
2022-04-05,-0.0153,-0.0072,0.0082,0.0069,0.0015,0.0
2022-04-06,-0.0123,-0.003,0.0108,0.0023,0.0088,0.0
2022-04-07,0.0034,-0.0061,-0.0012,0.0037,0.003,0.0
2022-04-08,-0.0038,-0.0053,0.0227,0.0037,0.0104,0.0
2022-04-11,-0.0154,0.0062,0.0105,0.0046,0.001,0.0
2022-04-12,-0.0029,0.0056,0.0047,-0.0024,0.0107,0.0
2022-04-13,0.0139,0.0061,-0.0071,-0.01,0.0,0.0
2022-04-14,-0.0128,0.0032,0.0143,0.0017,0.0098,0.0
2022-04-18,-0.0019,-0.0058,0.018,0.0077,0.0067,0.0
2022-04-19,0.0176,0.004,-0.0097,0.0054,-0.0126,0.0
2022-04-20,-0.0027,0.005,0.0126,0.0077,0.0118,0.0
2022-04-21,-0.0173,-0.0056,0.0041,0.0179,0.0044,0.0
2022-04-22,-0.0274,0.0026,-0.0018,-0.0015,-0.0021,0.0
2022-04-25,0.007,0.0012,-0.0186,0.0011,-0.0111,0.0
2022-04-26,-0.0299,-0.0036,0.018,0.0024,0.0125,0.0
2022-04-27,0.0013,-0.0056,0.0034,0.0014,0.008,0.0
2022-04-28,0.0245,-0.0052,-0.0042,0.0048,0.0005,0.0
2022-04-29,-0.0354,0.0088,0.0061,-0.0024,0.0068,0.0
2022-05-02,0.008,0.0038,-0.0116,-0.0063,-0.0135,1e-05
2022-05-03,0.0041,0.0016,0.0165,0.0001,0.0119,1e-05
2022-05-04,0.0301,-0.0047,0.0024,0.0002,0.0007,1e-05
2022-05-05,-0.038,-0.0023,0.0237,0.0059,0.0122,1e-05
2022-05-06,-0.0085,-0.0101,0.0184,0.0098,0.0139,1e-05
2022-05-09,-0.0352,-0.0005,0.0133,0.0426,-0.002,1e-05
2022-05-10,0.0022,-0.0049,-0.0122,-0.0068,0.0028,1e-05
2022-05-11,-0.0193,-0.0061,0.0261,0.0062,0.0102,1e-05
2022-05-12,0.0015,0.012,-0.0123,-0.0034,-0.0112,1e-05
2022-05-13,0.0274,0.0037,-0.0218,-0.0214,-0.0075,1e-05
2022-05-16,-0.0059,0.0009,0.0131,0.0019,0.0131,1e-05
2022-05-17,0.0213,0.0094,-0.0005,-0.0068,-0.0031,1e-05
2022-05-18,-0.0406,0.0046,0.0154,-0.0059,0.004,1e-05
2022-05-19,-0.0034,0.004,-0.0081,-0.0121,-0.0091,1e-05
2022-05-20,-0.0005,-0.0013,-0.0019,-0.001,0.0019,1e-05
2022-05-23,0.0175,-0.0092,0.0131,-0.0005,0.0097,1e-05
2022-05-24,-0.0121,-0.0046,0.0183,0.0139,0.0126,1e-05
2022-05-25,0.0121,0.0074,0.002,-0.0051,-0.0003,1e-05
2022-05-26,0.0218,0.0002,-0.0061,-0.0014,-0.0035,1e-05
2022-05-27,0.0258,0.0003,-0.0128,-0.0065,-0.0028,1e-05
2022-05-31,-0.0071,-0.0039,0.0046,0.008,-0.0021,1e-05
2022-06-01,-0.0074,0.0023,0.008,-0.002,0.0103,3e-05
2022-06-02,0.0209,0.004,-0.0208,-0.0042,-0.0153,3e-05
2022-06-03,-0.0163,0.0103,0.0055,-0.0081,0.0046,3e-05
2022-06-06,0.0033,0.0004,0.0066,0.0047,0.0017,3e-05
2022-06-07,0.01,0.002,-0.0015,-0.0157,0.0065,3e-05
2022-06-08,-0.0102,-0.0027,-0.0053,-0.007,-0.0025,3e-05
2022-06-09,-0.0243,0.0046,0.0026,0.0085,0.0021,3e-05
2022-06-10,-0.03,0.0027,0.0066,0.0029,0.0055,3e-05
2022-06-13,-0.0412,-0.0046,0.006,0.0169,-0.0031,3e-05
2022-06-14,-0.0026,0.0011,0.0011,0.0011,0.0005,3e-05
2022-06-15,0.0155,-0.0003,-0.0167,-0.0019,-0.0115,3e-05
2022-06-16,-0.0352,-0.011,0.0,0.0059,-0.0062,3e-05
2022-06-17,0.0045,0.0073,-0.0268,0.0037,-0.0203,3e-05
2022-06-21,0.0238,-0.0083,0.0024,-0.0093,0.0,3e-05
2022-06-22,-0.0019,0.0005,-0.0182,0.0062,-0.0159,3e-05
2022-06-23,0.0112,0.0031,-0.0389,0.005,-0.0194,3e-05
2022-06-24,0.0313,-0.0042,-0.0002,0.0011,-0.0037,3e-05
2022-06-27,-0.0027,0.0077,0.0125,-0.0033,0.0127,3e-05
2022-06-28,-0.0209,0.0004,0.024,-0.0069,0.0133,3e-05
2022-06-29,-0.0019,-0.0058,-0.0134,0.0108,-0.0087,3e-05
2022-06-30,-0.0096,0.0051,-0.0014,0.009,-0.0015,3e-05
2022-07-01,0.0115,-0.0004,0.0012,-0.008,-0.0009,4e-05
2022-07-05,0.0048,0.0112,-0.0334,-0.0185,-0.0226,4e-05
2022-07-06,0.0017,-0.0087,-0.0076,0.0004,-0.0035,4e-05
2022-07-07,0.0176,0.0087,-0.0095,-0.008,-0.014,4e-05
2022-07-08,-0.0007,0.0008,-0.0008,-0.0026,-0.0022,4e-05
2022-07-11,-0.0138,-0.0099,0.0161,0.017,0.014,4e-05
2022-07-12,-0.0089,0.0088,0.0052,0.0016,0.0092,4e-05
2022-07-13,-0.0039,0.0042,-0.0041,0.0003,-0.0033,4e-05
2022-07-14,-0.0041,-0.0045,-0.0101,0.0076,-0.0001,4e-05
2022-07-15,0.0196,0.0003,0.005,-0.0018,-0.0031,4e-05
2022-07-18,-0.0071,0.0035,0.0101,0.002,-0.0018,4e-05
2022-07-19,0.0281,0.0083,-0.0054,-0.0022,-0.0066,4e-05
2022-07-20,0.0089,0.0108,-0.0133,-0.0147,-0.0159,4e-05
2022-07-21,0.0097,-0.0038,-0.0161,-0.0026,-0.01,4e-05
2022-07-22,-0.0118,-0.0085,0.0139,0.0177,0.0152,4e-05
2022-07-25,0.0012,0.001,0.0165,0.0064,0.0054,4e-05
2022-07-26,-0.0132,0.0037,0.0107,0.0065,0.0123,4e-05
2022-07-27,0.0272,0.0015,-0.0127,-0.0019,-0.015,4e-05
2022-07-28,0.012,-0.0003,-0.0092,0.0014,-0.0096,4e-05
2022-07-29,0.0145,-0.0091,0.0045,0.0049,-0.0123,4e-05
2022-08-01,-0.002,0.0017,-0.0024,0.0022,0.0036,8e-05
2022-08-02,-0.005,0.0056,-0.0141,-0.0223,-0.0052,8e-05
2022-08-03,0.0167,0.0027,-0.0195,-0.0154,-0.0085,8e-05
2022-08-04,-0.0005,0.0041,-0.0165,-0.013,-0.0094,8e-05
2022-08-05,-0.0004,0.0095,-0.0005,-0.0127,-0.0021,8e-05
2022-08-08,0.0,0.0096,-0.0009,-0.0054,0.0022,8e-05
2022-08-09,-0.0067,-0.0135,0.0211,0.0086,0.0129,8e-05
2022-08-10,0.0235,0.0075,-0.0162,-0.0137,-0.0145,8e-05
2022-08-11,-0.0007,0.0021,0.0167,0.0078,0.01,8e-05
2022-08-12,0.0176,0.005,-0.008,-0.0064,-0.0059,8e-05
2022-08-15,0.0038,-0.0002,-0.0061,-0.0019,-0.0005,8e-05
2022-08-16,0.0019,-0.0014,0.007,0.0104,0.0052,8e-05
2022-08-17,-0.0092,-0.0092,0.0104,0.0127,0.0071,8e-05
2022-08-18,0.0027,0.0035,0.0045,0.008,0.0005,8e-05
2022-08-19,-0.0149,-0.0094,0.0098,0.0103,0.0135,8e-05
2022-08-22,-0.0213,-0.0005,0.0034,0.0015,0.0021,8e-05
2022-08-23,-0.0011,0.0012,0.0031,-0.0036,-0.0025,8e-05
2022-08-24,0.0039,0.0052,-0.0062,-0.0145,-0.0056,8e-05
2022-08-25,0.0145,0.0012,-0.0001,0.0018,-0.0039,8e-05
2022-08-26,-0.0337,-0.0027,0.0166,0.0016,0.0089,8e-05
2022-08-29,-0.0071,-0.0039,0.0044,0.0026,0.0044,8e-05
2022-08-30,-0.0111,-0.0039,-0.0022,-0.0025,0.0012,8e-05
2022-08-31,-0.0075,0.0024,-0.0047,-0.0066,-0.0018,8e-05
2022-09-01,0.0,-0.0105,-0.0028,0.0056,0.0055,9e-05
2022-09-02,-0.0099,0.001,0.0103,-0.0005,0.0026,9e-05
2022-09-06,-0.0051,-0.0054,-0.0054,-0.002,-0.0069,9e-05
2022-09-07,0.0192,0.0041,-0.0154,-0.0135,-0.0054,9e-05
2022-09-08,0.0078,-0.0015,-0.0018,-0.0122,-0.0106,9e-05
2022-09-09,0.0167,0.0037,-0.0051,-0.0014,-0.0052,9e-05
2022-09-12,0.0107,0.0025,-0.0017,-0.0012,-0.0016,9e-05
2022-09-13,-0.0429,0.0006,0.0141,-0.0037,0.01,9e-05
2022-09-14,0.0044,-0.0018,-0.0032,-0.0078,-0.0052,9e-05
2022-09-15,-0.0104,0.0039,0.0061,-0.0033,0.0025,9e-05
2022-09-16,-0.0098,-0.0075,0.0086,0.0171,0.0095,9e-05
2022-09-19,0.0072,-0.0009,0.0068,0.0063,-0.0006,9e-05
2022-09-20,-0.0115,-0.0029,0.0003,-0.0012,0.0033,9e-05
2022-09-21,-0.0168,0.0035,0.0006,0.0038,0.0012,9e-05
2022-09-22,-0.0114,-0.0114,0.0044,0.0114,0.0102,9e-05
2022-09-23,-0.0185,-0.0046,-0.008,0.0019,-0.0018,9e-05
2022-09-26,-0.0102,-0.0004,-0.0075,0.0016,-0.0044,9e-05
2022-09-27,-0.0005,0.0058,-0.0097,-0.0065,-0.0092,9e-05
2022-09-28,0.0214,0.009,-0.0036,-0.0087,-0.0082,9e-05
2022-09-29,-0.0216,-0.0029,0.0092,0.0043,0.0055,9e-05
2022-09-30,-0.0143,0.0057,0.0027,-0.0066,-0.0012,9e-05
2022-10-03,0.0256,0.0,0.007,0.0089,0.0043,0.00011
2022-10-04,0.033,0.0074,-0.0009,-0.0097,-0.0039,0.00011
2022-10-05,-0.0021,-0.0037,0.0005,0.0034,0.0014,0.00011
2022-10-06,-0.0085,0.0045,0.0012,-0.0013,-0.0051,0.00011
2022-10-07,-0.029,-0.0022,0.0168,0.0093,0.0157,0.00011
2022-10-10,-0.008,0.0024,0.0076,0.0154,0.0044,0.00011
2022-10-11,-0.007,0.0062,0.0033,0.0057,0.0061,0.00011
2022-10-12,-0.0027,0.0002,0.0004,0.0001,0.0003,0.00011
2022-10-13,0.0241,-0.0024,0.0157,0.0065,0.0093,0.00011
2022-10-14,-0.0246,-0.0018,0.0123,0.0055,0.0173,0.00011
2022-10-17,0.0274,0.0035,-0.0141,-0.0097,-0.0129,0.00011
2022-10-18,0.0119,-0.0013,-0.0002,-0.0041,0.0002,0.00011
2022-10-19,-0.0087,-0.0118,0.0119,0.0071,0.0081,0.00011
2022-10-20,-0.008,-0.0032,-0.0045,-0.0061,0.0013,0.00011
2022-10-21,0.023,-0.0007,0.0009,0.0068,-0.003,0.00011
2022-10-24,0.0104,-0.0061,0.0047,0.0114,0.0054,0.00011
2022-10-25,0.0178,0.0101,-0.0153,-0.0122,-0.0134,0.00011
2022-10-26,-0.0066,0.007,0.009,-0.0073,0.0069,0.00011
2022-10-27,-0.0054,0.0044,0.0108,-0.003,0.0047,0.00011
2022-10-28,0.0233,0.0009,-0.0034,0.004,0.0066,0.00011
2022-10-31,-0.0068,0.0046,0.0073,-0.0022,0.0044,0.00011
2022-11-01,-0.0035,0.0045,0.008,0.0002,0.0054,0.00014
2022-11-02,-0.0267,-0.0084,0.016,0.0031,0.0116,0.00014
2022-11-03,-0.0103,0.0039,0.0028,-0.0004,0.0004,0.00014
2022-11-04,0.0116,-0.0025,0.0128,0.0233,0.0065,0.00014
2022-11-07,0.0087,-0.0033,0.006,0.011,0.0101,0.00014
2022-11-08,0.0051,-0.0053,-0.004,-0.0016,0.0005,0.00014
2022-11-09,-0.0224,-0.0049,0.0055,0.0096,0.0123,0.00014
2022-11-10,0.0568,0.0096,-0.031,-0.0064,-0.0292,0.00014
2022-11-11,0.0106,0.0014,-0.0105,-0.009,-0.0122,0.00014
2022-11-14,-0.0095,-0.0023,0.0036,0.0057,0.0054,0.00014
2022-11-15,0.0103,0.0043,-0.0073,-0.0049,-0.0054,0.00014
2022-11-16,-0.0102,-0.0107,0.0058,0.0116,0.0095,0.00014
2022-11-17,-0.0042,-0.0027,0.0056,0.0136,0.0081,0.00014
2022-11-18,0.004,-0.0009,0.0011,0.0038,0.0071,0.00014
2022-11-21,-0.0052,-0.002,0.0099,0.005,0.0114,0.00014
2022-11-22,0.0136,-0.0038,0.0044,0.0078,-0.0023,0.00014
2022-11-23,0.0063,-0.0025,-0.0093,-0.0073,-0.0062,0.00014
2022-11-25,-0.0003,0.0028,0.0043,-0.0017,0.0013,0.00014
2022-11-28,-0.0155,-0.0049,-0.0019,0.0026,0.0029,0.00014
2022-11-29,-0.0019,0.0035,0.0104,0.0021,0.0051,0.00014
2022-11-30,0.0312,-0.0015,-0.0208,-0.0077,-0.0147,0.00014
2022-12-01,-0.0002,0.0004,-0.0069,-0.0034,-0.0036,0.00016
2022-12-02,-0.0008,0.0084,-0.0056,-0.004,0.0026,0.00016
2022-12-05,-0.0202,-0.0053,-0.0054,0.0087,0.011,0.00016
2022-12-06,-0.0151,-0.0003,0.0114,0.0086,0.0077,0.00016
2022-12-07,-0.0024,-0.0018,-0.0032,0.0009,-0.0016,0.00016
2022-12-08,0.0076,-0.001,-0.012,-0.0056,-0.0063,0.00016
2022-12-09,-0.008,-0.0053,0.0034,0.0019,0.0013,0.00016
2022-12-12,0.0141,-0.0027,-0.0016,-0.0023,-0.0013,0.00016
2022-12-13,0.0066,0.0007,-0.0077,-0.0027,-0.0054,0.00016
2022-12-14,-0.0056,0.0003,-0.0045,-0.0019,-0.0007,0.00016
2022-12-15,-0.0257,-0.0013,0.0139,0.0025,0.0042,0.00016
2022-12-16,-0.0102,0.0054,0.0017,-0.0008,0.0046,0.00016
2022-12-19,-0.01,-0.006,0.0125,0.0073,0.012,0.00016
2022-12-20,0.0013,0.0025,0.0025,-0.0046,0.0048,0.00016
2022-12-21,0.0153,0.0014,-0.0012,0.0039,-0.0029,0.00016
2022-12-22,-0.0152,0.0022,0.0038,-0.0013,0.0089,0.00016
2022-12-23,0.0052,-0.0035,0.0116,0.0086,0.0053,0.00016
2022-12-27,-0.005,-0.0042,0.0142,0.0115,0.0135,0.00016
2022-12-28,-0.0124,-0.003,-0.0028,-0.0093,-0.0008,0.00016
2022-12-29,0.0187,0.0102,-0.0106,-0.0103,-0.009,0.00016
2022-12-30,-0.0022,0.0014,-0.0004,-0.0054,-0.0002,0.00016
2023-01-03,-0.0047,0.0008,-0.001,0.0027,0.0054,0.00017
2023-01-04,0.0081,0.0056,0.0005,-0.0069,0.0,0.00017
2023-01-05,-0.0114,0.0017,0.012,0.0081,0.009,0.00017
2023-01-06,0.0221,-0.0001,0.0003,0.0082,0.0018,0.00017
2023-01-09,0.0004,0.0033,-0.0123,-0.0065,-0.0116,0.00017
2023-01-10,0.0079,0.0087,-0.0056,-0.004,-0.005,0.00017
2023-01-11,0.0125,0.0001,-0.0083,-0.0019,-0.0107,0.00017
2023-01-12,0.0045,0.014,-0.0027,-0.011,-0.0051,0.00017
2023-01-13,0.0046,0.0024,-0.0031,-0.0014,-0.0029,0.00017
2023-01-17,-0.0018,-0.0001,-0.0055,-0.0061,-0.0043,0.00017
2023-01-18,-0.0155,0.0002,-0.0071,0.0027,0.0002,0.00017
2023-01-19,-0.0086,-0.001,0.0084,0.0054,0.007,0.00017
2023-01-20,0.0194,-0.0004,-0.0068,-0.0017,-0.008,0.00017
2023-01-23,0.0128,-0.0004,-0.0099,-0.0041,-0.0104,0.00017
2023-01-24,-0.0016,-0.0016,0.0018,-0.0019,0.0038,0.00017
2023-01-25,0.0,0.0013,0.0069,0.0006,0.0021,0.00017
2023-01-26,0.0109,-0.0064,0.0001,-0.002,-0.0047,0.00017
2023-01-27,0.0034,0.0033,-0.0113,-0.006,-0.0129,0.00017
2023-01-30,-0.0138,0.0003,0.0074,0.0036,0.0093,0.00017
2023-01-31,0.0158,0.0093,-0.0006,-0.001,-0.0055,0.00017
2023-02-01,0.0119,0.0063,-0.0165,-0.0012,-0.0115,0.00018
2023-02-02,0.0154,0.0115,-0.0207,-0.0024,-0.0176,0.00018
2023-02-03,-0.0108,0.004,0.0098,0.0101,0.0105,0.00018
2023-02-06,-0.0073,-0.008,0.0043,-0.0023,0.0046,0.00018
2023-02-07,0.0125,-0.005,-0.0004,0.003,-0.0036,0.00018
2023-02-08,-0.0118,-0.0069,0.0071,-0.0029,-0.0004,0.00018
2023-02-09,-0.0094,-0.0061,0.0021,0.0031,0.0038,0.00018
2023-02-10,0.0012,-0.003,0.015,0.0054,0.0091,0.00018
2023-02-13,0.0114,0.0009,-0.0073,0.0049,-0.0031,0.00018
2023-02-14,0.0012,-0.0005,-0.0068,-0.0061,-0.0094,0.00018
2023-02-15,0.005,0.0072,-0.0091,-0.0119,-0.0106,0.00018
2023-02-16,-0.0137,0.0022,0.0097,0.0081,0.0092,0.00018
2023-02-17,-0.0028,0.0066,-0.0014,0.0014,0.0056,0.00018
2023-02-21,-0.0216,-0.0113,0.0088,0.0038,0.0083,0.00018
2023-02-22,-0.0004,0.0044,-0.0046,-0.0035,-0.0043,0.00018
2023-02-23,0.0047,0.0012,-0.0023,0.002,-0.0049,0.00018
2023-02-24,-0.0108,-0.0024,0.0126,0.0031,0.0042,0.00018
2023-02-27,0.0031,0.0005,-0.003,0.0007,-0.0045,0.00018
2023-02-28,-0.0026,0.0052,-0.0069,-0.0057,-0.0018,0.00018
2023-03-01,-0.0041,0.0039,0.0062,0.0015,0.0073,0.00016
2023-03-02,0.0067,-0.0052,-0.0044,-0.0012,0.0016,0.00016
2023-03-03,0.0161,-0.0008,-0.0054,-0.0037,-0.0077,0.00016
2023-03-06,-0.0013,-0.0157,-0.0008,0.0031,-0.0012,0.00016
2023-03-07,-0.0145,0.0063,-0.0068,-0.0013,-0.0012,0.00016
2023-03-08,0.0008,0.0007,-0.0039,0.0043,-0.0015,0.00016
2023-03-09,-0.0202,-0.007,-0.0076,0.0106,0.0074,0.00016
2023-03-10,-0.0168,-0.0141,0.0072,0.0108,0.0116,0.00016
2023-03-13,-0.0034,-0.0117,-0.036,-0.0109,-0.0073,0.00016
2023-03-14,0.0172,0.0001,-0.0036,-0.0015,-0.0046,0.00016
2023-03-15,-0.0079,-0.0051,-0.0184,0.0031,-0.0044,0.00016
2023-03-16,0.0176,0.0001,-0.0016,0.0013,-0.0072,0.00016
2023-03-17,-0.0121,-0.0106,-0.0163,0.0027,-0.0024,0.00016
2023-03-20,0.0084,-0.0035,0.0078,0.0051,0.0076,0.00016
2023-03-21,0.0149,0.0047,0.0073,-0.0026,-0.0121,0.00016
2023-03-22,-0.0174,-0.008,-0.0053,0.0079,0.0023,0.00016
2023-03-23,0.0021,-0.0043,-0.0154,0.0015,-0.0085,0.00016
2023-03-24,0.0046,0.0018,0.0071,0.003,0.0038,0.00016
2023-03-27,0.0028,0.005,0.0103,-0.0021,0.0041,0.00016
2023-03-28,-0.0017,-0.0003,0.0075,0.0011,0.0047,0.00016
2023-03-29,0.0139,-0.0036,-0.0054,-0.0092,-0.0057,0.00016
2023-03-30,0.0051,-0.0062,-0.006,0.0021,-0.0007,0.00016
2023-03-31,0.0153,0.0049,-0.0076,-0.0048,-0.0082,0.00016
2023-04-03,0.0028,-0.0017,0.0079,0.0055,0.0071,0.00018
2023-04-04,-0.0072,-0.0113,-0.0072,-0.0005,-0.0001,0.00018
2023-04-05,-0.0039,-0.01,0.014,0.0079,0.0129,0.00018
2023-04-06,0.0034,-0.0003,-0.0051,-0.0044,-0.0016,0.00018
2023-04-10,0.002,0.0085,0.0026,-0.0002,-0.0013,0.00018
2023-04-11,0.0006,0.0069,0.0055,0.0005,0.0013,0.00018
2023-04-12,-0.0051,-0.0043,0.0037,0.0048,0.0045,0.00018
2023-04-13,0.0139,0.0015,-0.0119,-0.0026,-0.0075,0.00018
2023-04-14,-0.0023,-0.0076,0.002,0.0072,0.0013,0.00018
2023-04-17,0.0033,0.0071,-0.002,-0.0129,-0.0033,0.00018
2023-04-18,0.0004,-0.0041,-0.0031,0.0005,0.0018,0.00018
2023-04-19,-0.0004,0.0027,0.0042,0.0001,0.0011,0.00018
2023-04-20,-0.0061,0.0014,-0.0028,0.0073,0.0053,0.00018
2023-04-21,0.0008,0.0009,-0.0095,-0.0063,-0.0018,0.00018
2023-04-24,0.0,-0.0027,0.0046,0.0068,0.0032,0.00018
2023-04-25,-0.0176,-0.0082,0.0009,0.0043,0.0096,0.00018
2023-04-26,-0.0042,-0.0004,-0.0074,0.0002,-0.0039,0.00018
2023-04-27,0.0185,-0.006,0.0,0.0045,-0.0025,0.00018
2023-04-28,0.0078,0.0022,0.0019,0.0013,0.0022,0.00018
2023-05-01,-0.0002,0.0019,-0.0082,-0.0039,0.0024,0.00016
2023-05-02,-0.0127,-0.0074,-0.0146,0.0061,0.0017,0.00016
2023-05-03,-0.0057,0.0088,-0.0103,-0.0093,-0.0041,0.00016
2023-05-04,-0.0078,-0.0052,-0.0104,-0.0061,-0.0032,0.00016
2023-05-05,0.0191,0.005,0.0069,0.0026,-0.0072,0.00016
2023-05-08,0.0007,-0.0038,-0.003,-0.0054,-0.0038,0.00016
2023-05-09,-0.0043,0.0011,-0.0002,-0.004,-0.0043,0.00016
2023-05-10,0.0043,0.002,-0.0132,-0.0013,-0.0083,0.00016
2023-05-11,-0.002,-0.0052,-0.0009,0.0084,0.0013,0.00016
2023-05-12,-0.0022,-0.001,0.0034,0.0038,0.0048,0.00016
2023-05-15,0.0046,0.008,0.0002,-0.0065,-0.0053,0.00016
2023-05-16,-0.0072,-0.0046,-0.0048,0.0079,-0.0013,0.00016
2023-05-17,0.0131,0.0085,0.0122,-0.003,-0.0032,0.00016
2023-05-18,0.0099,-0.0023,-0.0038,0.0019,-0.0071,0.00016
2023-05-19,-0.0026,-0.0038,-0.0032,-0.0002,0.0014,0.00016
2023-05-22,0.0017,0.0112,-0.002,-0.0126,-0.0094,0.00016
2023-05-23,-0.011,0.006,0.0109,0.0018,0.0024,0.00016
2023-05-24,-0.0072,-0.0039,-0.002,-0.0003,-0.0007,0.00016
2023-05-25,0.0065,-0.0104,-0.0108,0.018,-0.0132,0.00016
2023-05-26,0.0132,-0.003,-0.0086,-0.0023,-0.0058,0.00016
2023-05-30,-0.0001,-0.0025,-0.0042,-0.0029,-0.0098,0.00016
2023-05-31,-0.006,-0.0026,-0.0116,-0.0111,0.0012,0.00016
2023-06-01,0.0102,0.0007,-0.0006,0.0003,-0.0041,0.00019
2023-06-02,0.0162,0.0172,0.0166,0.0036,0.0071,0.00019
2023-06-05,-0.0026,-0.0111,-0.0075,-0.0065,-0.0047,0.00019
2023-06-06,0.0046,0.0225,0.0135,-0.002,-0.0046,0.00019
2023-06-07,-0.0036,0.0189,0.0228,0.0076,0.0139,0.00019
2023-06-08,0.0059,-0.0078,-0.0116,-0.0015,-0.0055,0.00019
2023-06-09,0.0003,-0.008,-0.0041,0.0009,-0.0022,0.00019
2023-06-12,0.0094,-0.0026,-0.0141,-0.0029,-0.0078,0.00019
2023-06-13,0.0074,0.0053,0.0006,-0.005,-0.0052,0.00019
2023-06-14,-0.0003,-0.0105,-0.0092,0.0069,-0.0027,0.00019
2023-06-15,0.0122,-0.0037,0.0009,0.0011,-0.0003,0.00019
2023-06-16,-0.0045,-0.0051,0.0022,0.0022,0.0041,0.00019
2023-06-20,-0.0049,0.002,-0.0069,-0.0008,-0.0056,0.00019
2023-06-21,-0.0056,0.0029,0.0053,0.0061,0.0093,0.00019
2023-06-22,0.0032,-0.0096,-0.0126,0.002,-0.0055,0.00019
2023-06-23,-0.0084,-0.006,0.0007,0.0023,0.0011,0.00019
2023-06-26,-0.0048,-0.0001,0.0129,0.0061,0.0081,0.00019
2023-06-27,0.0121,0.0032,-0.0051,0.0025,-0.0072,0.00019
2023-06-28,0.0003,0.0048,-0.0044,-0.0064,-0.0044,0.00019
2023-06-29,0.0044,0.0076,0.0078,0.006,0.0048,0.00019
2023-06-30,0.0114,-0.0072,-0.0078,-0.0005,-0.0033,0.00019
2023-07-03,0.0015,0.0027,0.0106,0.0016,0.0011,0.00022
2023-07-05,-0.0029,-0.0106,-0.0026,-0.0029,-0.0001,0.00022
2023-07-06,-0.0094,-0.0059,-0.0069,0.0057,0.0005,0.00022
2023-07-07,-0.0013,0.013,0.0121,-0.0023,0.0018,0.00022
2023-07-10,0.0036,0.0124,-0.0001,-0.0102,0.0054,0.00022
2023-07-11,0.0076,0.0018,0.0048,-0.0022,0.0028,0.00022
2023-07-12,0.0074,0.0037,0.0046,-0.0031,-0.0044,0.00022
2023-07-13,0.009,-0.0007,-0.001,-0.0017,-0.0067,0.00022
2023-07-14,-0.0025,-0.0069,-0.0152,0.0043,-0.0055,0.00022
2023-07-17,0.0048,0.0064,-0.0027,-0.004,-0.0005,0.00022
2023-07-18,0.0078,0.0044,0.0108,0.0063,-0.0045,0.00022
2023-07-19,0.0025,0.0026,0.0132,0.0015,0.0017,0.00022
2023-07-20,-0.0081,-0.0034,0.0065,0.0046,0.0147,0.00022
2023-07-21,-0.0005,-0.0037,-0.0036,-0.0015,0.0011,0.00022
2023-07-24,0.0031,-0.0003,0.0076,0.0096,-0.0023,0.00022
2023-07-25,0.0025,-0.0023,-0.0078,0.0049,-0.004,0.00022
2023-07-26,0.0001,0.0087,0.0102,-0.0037,0.0066,0.00022
2023-07-27,-0.0074,-0.0081,0.0028,0.0038,0.0015,0.00022
2023-07-28,0.0113,0.0043,-0.0034,-0.0075,-0.0039,0.00022
2023-07-31,0.0025,0.01,-0.0009,-0.0096,0.0006,0.00022
2023-08-01,-0.0034,-0.0012,0.0031,0.0019,-0.0028,0.0002
2023-08-02,-0.0149,-0.0005,0.0057,0.0069,0.0066,0.0002
2023-08-03,-0.0019,0.0002,0.0008,0.0031,-0.0034,0.0002
2023-08-04,-0.0048,0.0007,0.0076,-0.0017,-0.0065,0.0002
2023-08-07,0.0078,-0.0109,0.006,0.0065,-0.0009,0.0002
2023-08-08,-0.0047,0.0009,0.0015,0.0047,0.0002,0.0002
2023-08-09,-0.0078,-0.0001,-0.0004,0.0087,0.0001,0.0002
2023-08-10,0.0001,-0.0045,-0.0067,-0.0003,-0.0005,0.0002
2023-08-11,-0.0011,0.0024,0.0045,-0.002,0.0037,0.0002
2023-08-14,0.0051,-0.0085,-0.0077,0.0011,-0.0063,0.0002
2023-08-15,-0.0118,0.0,-0.0103,0.002,0.0005,0.0002
2023-08-16,-0.0081,-0.0047,-0.0014,0.0038,0.0002,0.0002
2023-08-17,-0.0087,-0.0018,0.0049,0.0049,0.002,0.0002
2023-08-18,0.0004,0.0041,-0.0022,0.0007,-0.0012,0.0002
2023-08-21,0.0064,-0.0088,-0.0059,0.002,-0.0087,0.0002
2023-08-22,-0.0032,-0.0001,-0.0104,-0.0033,-0.0023,0.0002
2023-08-23,0.0108,-0.0022,-0.0012,-0.0039,-0.0024,0.0002
2023-08-24,-0.0142,0.0001,0.0062,0.0051,0.0039,0.0002
2023-08-25,0.0065,-0.0024,-0.0057,-0.0036,-0.0017,0.0002
2023-08-28,0.0063,0.0009,0.0041,0.0027,0.0004,0.0002
2023-08-29,0.015,-0.0008,-0.0012,-0.0005,-0.0043,0.0002
2023-08-30,0.0041,0.0009,-0.0046,-0.0043,-0.0003,0.0002
2023-08-31,-0.0008,-0.002,0.0022,0.0004,-0.0024,0.0002
2023-09-01,0.0026,0.0085,0.0058,-0.0001,-0.0021,0.00021
2023-09-05,-0.0054,-0.0157,-0.0087,-0.0031,-0.0049,0.00021
2023-09-06,-0.0071,0.0001,-0.0018,-0.0046,0.001,0.00021
2023-09-07,-0.004,-0.0069,0.0002,-0.002,0.0001,0.00021
2023-09-08,0.0012,-0.0051,0.004,0.0029,0.0001,0.00021
2023-09-11,0.0066,-0.0047,-0.0053,-0.0049,-0.0035,0.00021
2023-09-12,-0.0059,0.002,0.0101,0.0026,0.0021,0.00021
2023-09-13,0.0004,-0.0087,-0.002,0.0026,-0.0036,0.00021
2023-09-14,0.0083,0.0049,0.0086,0.0082,0.0003,0.00021
2023-09-15,-0.0121,0.0021,0.0025,-0.0033,0.0048,0.00021
2023-09-18,-0.0004,-0.0082,-0.0018,0.0018,-0.0003,0.00021
2023-09-19,-0.0026,-0.0011,0.0,0.0033,0.003,0.00021
2023-09-20,-0.0095,-0.0005,0.0026,0.0027,0.0049,0.00021
2023-09-21,-0.0168,0.0034,0.0038,0.0056,0.0012,0.00021
2023-09-22,-0.0025,-0.001,-0.005,0.0018,-0.0017,0.00021
2023-09-25,0.0039,-0.0007,0.0033,0.0059,-0.0047,0.00021
2023-09-26,-0.0146,0.0036,-0.005,-0.0035,-0.0006,0.00021
2023-09-27,0.0013,0.0078,0.001,0.0019,-0.0026,0.00021
2023-09-28,0.0065,0.0019,0.0003,0.0043,-0.0003,0.00021
2023-09-29,-0.0028,-0.0003,0.0032,-0.0019,-0.0016,0.00021
2023-10-02,-0.0014,-0.0127,-0.0105,0.0087,-0.0052,0.00021
2023-10-03,-0.0149,-0.0026,-0.0014,0.003,0.0015,0.00021
2023-10-04,0.0077,-0.0053,-0.0037,-0.0039,-0.0032,0.00021
2023-10-05,-0.0015,0.0029,0.001,-0.0045,-0.0012,0.00021
2023-10-06,0.0121,-0.0045,-0.0056,-0.0032,-0.0051,0.00021
2023-10-09,0.0059,-0.0016,0.0025,0.0082,-0.0039,0.00021
2023-10-10,0.006,0.0032,0.0063,-0.0023,0.002,0.00021
2023-10-11,0.0033,-0.0065,0.0038,0.0064,-0.0025,0.00021
2023-10-12,-0.0081,-0.0149,0.0011,0.0119,-0.0021,0.00021
2023-10-13,-0.0059,-0.0035,0.0006,0.0008,0.0045,0.00021
2023-10-16,0.0113,0.0058,-0.001,-0.0036,-0.0002,0.00021
2023-10-17,0.0009,0.0104,0.007,-0.0009,0.0032,0.00021
2023-10-18,-0.0146,-0.006,-0.0018,0.0087,0.0045,0.00021
2023-10-19,-0.0092,-0.0054,-0.0022,-0.0006,-0.0001,0.00021
2023-10-20,-0.0132,0.0008,-0.0015,0.002,0.0038,0.00021
2023-10-23,-0.0023,-0.0058,-0.0078,0.0018,-0.0044,0.00021
2023-10-24,0.0074,0.0009,-0.0058,-0.0091,0.0016,0.00021
2023-10-25,-0.0157,-0.0002,0.0085,0.0149,0.0019,0.00021
2023-10-26,-0.0115,0.0119,0.0168,-0.0075,0.005,0.00021
2023-10-27,-0.0052,-0.0059,-0.0059,0.0043,-0.0097,0.00021
2023-10-30,0.0115,-0.0033,0.0029,-0.0015,0.0017,0.00021
2023-10-31,0.0063,0.0006,-0.0006,-0.0084,0.0006,0.00021
2023-11-01,0.0093,-0.0069,-0.0002,0.0012,-0.007,0.00021
2023-11-02,0.0194,0.0071,0.0163,-0.0023,0.0053,0.00021
2023-11-03,0.011,0.0174,0.0061,-0.0119,0.0018,0.00021
2023-11-06,0.0001,-0.0124,-0.0064,0.0088,-0.0019,0.00021
2023-11-07,0.0035,-0.004,-0.0122,-0.0127,-0.0006,0.00021
2023-11-08,-0.0003,-0.0101,-0.0046,0.0044,0.0005,0.00021
2023-11-09,-0.0089,-0.0102,0.0049,0.0052,-0.0029,0.00021
2023-11-10,0.0149,-0.0062,-0.0044,0.0074,-0.0035,0.00021
2023-11-13,-0.0005,0.0006,-0.0026,-0.003,-0.0018,0.00021
2023-11-14,0.0218,0.0323,0.012,-0.0097,-0.0025,0.00021
2023-11-15,0.0018,0.0013,0.005,-0.0013,0.005,0.00021
2023-11-16,-0.0011,-0.015,-0.003,-0.0046,-0.0036,0.00021
2023-11-17,0.0025,0.0122,0.0063,0.0003,0.0035,0.00021
2023-11-20,0.0073,-0.0011,-0.0029,-0.0031,-0.003,0.00021
2023-11-21,-0.0032,-0.0095,-0.0061,0.0042,-0.0003,0.00021
2023-11-22,0.0047,0.0018,-0.0004,-0.0038,0.0,0.00021
2023-11-24,0.0011,0.0062,0.0018,-0.0051,0.0024,0.00021
2023-11-27,-0.0023,-0.0014,-0.0009,0.0013,-0.0024,0.00021
2023-11-28,0.0005,-0.003,0.0004,-0.0017,0.0002,0.00021
2023-11-29,0.0001,0.0057,0.0069,-0.0076,-0.0005,0.00021
2023-11-30,0.0035,-0.0041,0.0001,-0.0011,0.0018,0.00021
2023-12-01,0.0081,0.0224,0.0107,-0.0037,0.0057,0.00021
2023-12-04,-0.0044,0.015,0.0051,-0.0043,0.0078,0.00021
2023-12-05,-0.0021,-0.0106,-0.0083,0.002,-0.0043,0.00021
2023-12-06,-0.004,0.0037,0.0032,-0.0023,0.0025,0.00021
2023-12-07,0.0081,0.001,0.0047,0.0007,-0.002,0.00021
2023-12-08,0.0044,0.0015,0.0052,-0.0012,-0.0012,0.00021
2023-12-11,0.0036,-0.0044,-0.0012,0.0002,0.0068,0.00021
2023-12-12,0.0034,-0.0064,-0.0088,-0.0036,-0.0021,0.00021
2023-12-13,0.0155,0.0192,0.0135,-0.0099,0.0015,0.00021
2023-12-14,0.005,0.0183,0.0203,0.0004,0.0042,0.00021
2023-12-15,-0.0006,-0.0059,-0.0057,0.0013,-0.0035,0.00021
2023-12-18,0.0042,-0.0051,-0.0037,0.0034,-0.0025,0.00021
2023-12-19,0.0072,0.015,0.0069,-0.0037,0.0006,0.00021
2023-12-20,-0.0155,-0.0034,0.0013,0.0075,0.0006,0.00021
2023-12-21,0.0109,0.0075,-0.0004,-0.0058,-0.0018,0.00021
2023-12-22,0.002,0.0061,0.001,-0.0065,0.002,0.00021
2023-12-26,0.0048,0.0082,0.0044,-0.0033,-0.0015,0.00021
2023-12-27,0.0016,0.0016,0.0011,-0.0032,-0.0014,0.00021
2023-12-28,-0.0001,-0.0039,0.0004,-0.0031,0.0016,0.00021
2023-12-29,-0.0043,-0.0113,-0.0037,0.0068,-0.0008,0.00021
2024-01-02,-0.007,-0.0026,0.0079,0.0068,0.0063,0.00022
2024-01-03,-0.0101,-0.0193,-0.0011,0.0036,-0.0019,0.00022
2024-01-04,-0.0033,0.0024,0.0009,-0.0043,0.0025,0.00022
2024-01-05,0.0015,-0.0059,0.0063,0.001,-0.0017,0.00022
2024-01-08,0.0149,0.0054,-0.0127,-0.0098,-0.0045,0.00022
2024-01-09,-0.0021,-0.0075,-0.0089,-0.003,-0.0017,0.00022
2024-01-10,0.0051,-0.003,-0.0044,0.0025,-0.0019,0.00022
2024-01-11,-0.0014,-0.0066,-0.0052,0.0045,-0.0012,0.00022
2024-01-12,-0.0001,-0.0022,-0.0049,0.0012,-0.0025,0.00022
2024-01-16,-0.0047,-0.0088,-0.0061,0.0014,-0.0025,0.00022
2024-01-17,-0.0059,-0.0016,-0.0025,0.0026,-0.0024,0.00022
2024-01-18,0.0087,-0.0027,-0.0035,0.007,-0.002,0.00022
2024-01-19,0.0119,-0.0039,0.0067,-0.0004,-0.0024,0.00022
2024-01-22,0.0038,0.0183,0.0058,-0.0043,0.001,0.00022
2024-01-23,0.0022,-0.007,-0.0055,-0.0017,0.0022,0.00022
2024-01-24,-0.0001,-0.0078,0.0005,0.0026,-0.0038,0.00022
2024-01-25,0.0046,0.002,0.0057,-0.0019,0.0055,0.00022
2024-01-26,-0.0002,0.0035,-0.0027,0.0022,-0.0003,0.00022
2024-01-29,0.0085,0.0089,-0.0059,-0.0112,-0.0032,0.00022
2024-01-30,-0.0013,-0.0097,0.0085,0.0099,0.0014,0.00022
2024-01-31,-0.0174,-0.0089,-0.0029,-0.0021,0.0036,0.00022
2024-02-01,0.0123,0.0033,-0.0135,-0.0005,-0.0028,0.00021
2024-02-02,0.0099,-0.0157,-0.0051,-0.0017,-0.0141,0.00021
2024-02-05,-0.0042,-0.0094,-0.0066,0.0009,-0.0013,0.00021
2024-02-06,0.0027,0.0076,-0.0047,-0.0074,0.0059,0.00021
2024-02-07,0.0077,-0.0103,-0.0061,0.0063,-0.0082,0.00021
2024-02-08,0.0021,0.0141,0.0001,-0.0053,-0.002,0.00021
2024-02-09,0.0065,0.0084,-0.0042,-0.0033,-0.0042,0.00021
2024-02-12,0.0004,0.0165,0.0111,-0.0004,0.0044,0.00021
2024-02-13,-0.016,-0.0253,-0.0065,0.0078,-0.0005,0.00021
2024-02-14,0.0114,0.0137,-0.0022,-0.0155,-0.0018,0.00021
2024-02-15,0.0067,0.0123,0.0105,-0.002,0.0026,0.00021
2024-02-16,-0.0053,-0.0065,-0.0018,0.0008,0.0019,0.00021
2024-02-20,-0.0073,-0.007,0.0033,0.0039,0.0053,0.00021
2024-02-21,-0.0002,-0.0066,0.0014,0.0088,0.002,0.00021
2024-02-22,0.0202,-0.0156,-0.0129,0.0038,-0.0117,0.00021
2024-02-23,0.0002,0.0032,0.0,0.0009,-0.0011,0.00021
2024-02-26,-0.0026,0.0098,-0.0012,-0.0074,-0.0001,0.00021
2024-02-27,0.0027,0.0124,-0.0044,-0.0112,0.0067,0.00021
2024-02-28,-0.0026,-0.009,-0.0001,-0.0005,0.0054,0.00021
2024-02-29,0.0053,-0.0018,0.0098,0.0028,-0.0072,0.00021
2024-03-01,0.0077,0.0001,-0.0055,-0.0024,-0.0013,0.00021
2024-03-04,-0.0018,-0.0061,0.0034,-0.0019,0.0024,0.00021
2024-03-05,-0.0107,0.0003,0.0117,0.0094,0.0058,0.00021
2024-03-06,0.0053,-0.0025,-0.0003,-0.0109,-0.0003,0.00021
2024-03-07,0.0102,-0.0048,0.0003,0.0039,-0.0073,0.00021
2024-03-08,-0.0066,0.0062,0.0057,-0.0037,0.0054,0.00021
2024-03-11,-0.002,-0.0063,0.004,0.0045,0.0062,0.00021
2024-03-12,0.0104,-0.0117,-0.0069,0.0052,-0.0075,0.00021
2024-03-13,-0.0014,0.0034,-0.0002,-0.0004,0.0017,0.00021
2024-03-14,-0.0042,-0.0147,-0.0104,0.0105,-0.0009,0.00021
2024-03-15,-0.0058,0.0096,0.0079,-0.001,0.004,0.00021
2024-03-18,0.0053,-0.0102,-0.0025,0.0021,-0.0013,0.00021
2024-03-19,0.0054,0.0047,-0.0027,0.0048,0.0005,0.00021
2024-03-20,0.0102,0.0104,0.0101,-0.0023,-0.0006,0.00021
2024-03-21,0.0042,0.0035,0.0095,0.0025,0.0006,0.00021
2024-03-22,-0.0023,-0.0098,-0.0053,0.0028,-0.0037,0.00021
2024-03-25,-0.0027,-0.001,0.0086,-0.0022,-0.0018,0.00021
2024-03-26,-0.0026,0.0009,-0.0013,-0.005,0.0023,0.00021
2024-03-27,0.0088,0.0129,0.0092,-0.0015,0.0058,0.00021
2024-03-28,0.0011,0.0045,0.0049,-0.0006,0.0009,0.00021
2024-04-01,-0.0026,-0.009,-0.0028,0.0035,-0.0032,0.00021
2024-04-02,-0.0085,-0.0103,0.0003,0.0026,0.0005,0.00021
2024-04-03,0.0017,0.0033,-0.0003,0.001,-0.0019,0.00021
2024-04-04,-0.0122,0.0022,0.0015,0.0002,0.0007,0.00021
2024-04-05,0.0106,-0.0051,-0.0068,-0.0028,-0.0058,0.00021
2024-04-08,0.0001,0.0054,0.0014,-0.0024,0.001,0.00021
2024-04-09,0.0013,0.0031,-0.0032,-0.0017,0.0007,0.00021
2024-04-10,-0.01,-0.0156,-0.0104,0.0037,-0.0044,0.00021
2024-04-11,0.0073,0.0005,-0.0062,0.0013,-0.0053,0.00021
2024-04-12,-0.0153,-0.0037,0.0011,0.0066,-0.0025,0.00021
2024-04-15,-0.0129,-0.0024,0.0076,0.0084,0.0043,0.00021
2024-04-16,-0.0023,-0.0028,-0.0083,0.0003,-0.0025,0.00021
2024-04-17,-0.0064,-0.0038,0.0056,-0.0032,0.0053,0.00021
2024-04-18,-0.0027,-0.001,0.0087,-0.0003,0.0028,0.00021
2024-04-19,-0.0082,0.0125,0.019,-0.001,0.0129,0.00021
2024-04-22,0.0087,-0.0012,0.0054,-0.0024,0.0,0.00021
2024-04-23,0.0127,0.0057,0.0,-0.0016,-0.0061,0.00021
2024-04-24,-0.0001,-0.0029,0.0028,0.0023,-0.0001,0.00021
2024-04-25,-0.0047,-0.0039,-0.002,0.0041,-0.001,0.00021
2024-04-26,0.0104,0.0021,-0.0107,0.0002,-0.0043,0.00021
2024-04-29,0.0034,0.0034,-0.0048,0.0022,-0.0011,0.00021
2024-04-30,-0.0167,-0.0027,-0.0025,-0.006,0.0062,0.00021
2024-05-01,-0.0027,0.0096,0.0003,-0.0139,0.0009,0.0002
2024-05-02,0.0101,0.0073,-0.0003,0.0,-0.0079,0.0002
2024-05-03,0.0118,-0.0005,-0.0019,0.0043,-0.0053,0.0002
2024-05-06,0.0108,-0.0002,-0.0006,-0.0024,-0.0069,0.0002
2024-05-07,0.0005,0.0002,-0.006,0.0018,0.0024,0.0002
2024-05-08,-0.0009,-0.004,0.0058,0.0071,0.0015,0.0002
2024-05-09,0.0052,0.0052,0.0037,0.0001,0.0006,0.0002
2024-05-10,0.0009,-0.0091,0.0001,0.0049,-0.0006,0.0002
2024-05-13,-0.0004,0.0025,-0.0026,0.0014,0.0024,0.0002
2024-05-14,0.0056,0.0052,0.0002,-0.0017,-0.0003,0.0002
2024-05-15,0.0115,-0.0046,-0.0022,-0.0041,-0.0037,0.0002
2024-05-16,-0.0025,-0.0022,-0.0001,-0.0004,0.0038,0.0002
2024-05-17,0.0011,-0.0023,0.004,-0.0019,-0.0011,0.0002
2024-05-20,0.0014,0.0016,-0.0088,0.0015,-0.0065,0.0002
2024-05-21,0.0016,-0.0043,0.0018,0.0041,-0.003,0.0002
2024-05-22,-0.0035,-0.004,-0.0037,-0.0044,-0.0005,0.0002
2024-05-23,-0.0084,-0.0068,-0.0064,0.013,-0.0063,0.0002
2024-05-24,0.0072,0.0016,0.0015,0.0029,-0.0038,0.0002
2024-05-28,-0.0004,0.0013,-0.0088,0.001,-0.0112,0.0002
2024-05-29,-0.0077,-0.004,-0.0062,0.0046,-0.0002,0.0002
2024-05-30,-0.0053,0.0136,0.01,0.0033,0.0106,0.0002
2024-05-31,0.0068,-0.0002,0.0078,0.0094,0.0078,0.0002
2024-06-03,0.0005,-0.0032,-0.0057,0.0036,-0.0044,0.00022
2024-06-04,-0.0006,-0.0128,-0.0077,-0.0021,-0.0012,0.00022
2024-06-05,0.0123,0.0033,-0.0061,-0.0045,-0.0068,0.00022
2024-06-06,-0.0006,-0.0057,-0.0007,-0.0004,-0.0017,0.00022
2024-06-07,-0.0023,-0.0094,0.0007,0.0035,0.0019,0.00022
2024-06-10,0.0027,-0.0015,-0.0028,-0.0021,-0.0044,0.00022
2024-06-11,0.002,-0.0019,-0.0106,0.0024,-0.0021,0.00022
2024-06-12,0.0094,0.0073,0.0009,0.0009,-0.0034,0.00022
2024-06-13,0.0005,-0.0102,-0.0063,0.0098,-0.0003,0.00022
2024-06-14,-0.0016,-0.0148,-0.0064,0.0014,0.0007,0.00022
2024-06-17,0.0078,-0.0032,0.0052,0.0091,0.0023,0.00022
2024-06-18,0.002,-0.0045,0.0037,0.0028,-0.001,0.00022
2024-06-20,-0.003,-0.0035,0.0025,-0.0063,0.0032,0.00022
2024-06-21,-0.0013,0.0044,-0.0051,-0.0081,0.0017,0.00022
2024-06-24,-0.0026,0.0061,0.0109,-0.0001,0.0064,0.00022
2024-06-25,0.0031,-0.0083,-0.0121,0.0008,-0.012,0.00022
2024-06-26,0.0016,-0.0001,-0.0021,0.0045,-0.0028,0.00022
2024-06-27,0.0014,0.0053,-0.0039,-0.0097,-0.0011,0.00022
2024-06-28,-0.0035,0.0101,0.0127,-0.0019,0.0071,0.00022
2024-07-01,0.0023,-0.0106,-0.0048,0.0048,-0.0034,0.00021
2024-07-02,0.0057,-0.0047,0.004,0.0048,-0.0061,0.00021
2024-07-03,0.0048,-0.0029,-0.0069,-0.0003,0.0058,0.00021
2024-07-05,0.0048,-0.0079,-0.0143,-0.0033,-0.0103,0.00021
2024-07-08,0.001,0.0052,-0.0019,-0.0032,0.0047,0.00021
2024-07-09,0.0,-0.0061,0.005,-0.0047,0.0067,0.00021
2024-07-10,0.0097,-0.0013,0.0041,0.002,0.0018,0.00021
2024-07-11,-0.006,0.0421,0.0177,-0.0103,-0.0009,0.00021
2024-07-12,0.0058,0.0063,-0.0047,-0.0047,0.0013,0.00021
2024-07-15,0.0038,0.0117,0.0057,-0.0023,-0.0037,0.00021
2024-07-16,0.0082,0.0277,0.0134,-0.0062,0.0005,0.00021
2024-07-17,-0.0149,0.005,0.0246,0.0078,-0.0011,0.00021
2024-07-18,-0.0095,-0.0113,0.0003,0.0097,0.004,0.00021
2024-07-19,-0.0068,0.0008,-0.0013,-0.0011,-0.0049,0.00021
2024-07-22,0.0108,0.0053,-0.0055,-0.0034,0.0069,0.00021
2024-07-23,-0.0007,0.0115,0.0001,-0.0043,-0.0017,0.00021
2024-07-24,-0.024,0.0004,0.0173,0.0013,0.0005,0.00021
2024-07-25,-0.003,0.0165,0.0067,-0.0013,0.0014,0.00021
2024-07-26,0.011,0.0055,-0.0017,0.0007,0.0013,0.00021
2024-07-29,-0.0002,-0.0099,-0.0048,0.0065,-0.0022,0.00021
2024-07-30,-0.005,0.0071,0.0137,0.0042,-0.0105,0.00021
2024-07-31,0.0152,-0.0097,-0.0134,0.005,0.014,0.00021
2024-08-01,-0.0161,-0.0123,-0.0065,0.0088,-0.0093,0.00022
2024-08-02,-0.0211,-0.0119,-0.0076,0.0091,0.008,0.00022
2024-08-05,-0.0302,-0.0034,0.0001,-0.0009,-0.0016,0.00022
2024-08-06,0.01,-0.0004,-0.0057,-0.0012,0.0027,0.00022
2024-08-07,-0.0083,-0.0046,0.0072,0.0068,-0.0089,0.00022
2024-08-08,0.0238,0.0009,-0.0081,-0.0055,0.0007,0.00022
2024-08-09,0.0043,-0.0076,-0.0034,0.0023,-0.0016,0.00022
2024-08-12,-0.0008,-0.0087,-0.0059,0.0008,0.004,0.00022
2024-08-13,0.0169,0.0016,-0.0074,-0.0049,0.0107,0.00022
2024-08-14,0.003,-0.0109,0.0025,0.0014,0.0037,0.00022
2024-08-15,0.0177,0.0096,-0.0075,-0.0045,0.0042,0.00022
2024-08-16,0.0022,0.0004,0.0077,-0.0023,0.0051,0.00022
2024-08-19,0.0098,0.0023,-0.0026,-0.0103,0.0048,0.00022
2024-08-20,-0.0031,-0.0075,-0.0065,0.0038,-0.0065,0.00022
2024-08-21,0.0051,0.0085,-0.0064,-0.0042,0.0019,0.00022
2024-08-22,-0.0096,-0.0024,0.0137,0.0051,-0.0024,0.00022
2024-08-23,0.0129,0.0189,0.0084,-0.005,0.0071,0.00022
2024-08-26,-0.0034,0.0033,0.0019,0.0014,-0.0005,0.00022
2024-08-27,0.0005,-0.0088,0.0002,0.0027,0.0024,0.00022
2024-08-28,-0.0066,-0.0021,0.0115,0.0057,-0.0018,0.00022
2024-08-29,0.0007,0.0067,0.003,-0.0012,-0.0121,0.00022
2024-08-30,0.0098,-0.0056,0.0006,-0.0019,-0.0014,0.00022
2024-09-03,-0.0226,-0.0073,0.0138,0.0064,-0.0081,0.0002
2024-09-04,-0.0022,0.0012,-0.0058,-0.0027,-0.0007,0.0002
2024-09-05,-0.0031,-0.0006,-0.0069,-0.0025,0.0002,0.0002
2024-09-06,-0.0182,-0.0008,0.0018,0.0033,-0.0005,0.0002
2024-09-09,0.0109,-0.0106,-0.0073,-0.0108,0.0037,0.0002
2024-09-10,0.004,-0.0028,-0.0083,-0.0008,-0.0017,0.0002
2024-09-11,0.0104,-0.0066,-0.0165,-0.002,0.0058,0.0002
2024-09-12,0.008,0.0046,-0.0052,0.0039,-0.0007,0.0002
2024-09-13,0.007,0.019,0.0002,-0.0029,0.003,0.0002
2024-09-16,0.0016,0.0,0.0091,0.0037,-0.0045,0.0002
2024-09-17,0.0009,0.0077,0.0055,0.0039,-0.0032,0.0002
2024-09-18,-0.0025,0.0026,0.0027,0.0005,-0.0037,0.0002
2024-09-19,0.0177,0.0033,-0.002,-0.0019,-0.0004,0.0002
2024-09-20,-0.0027,-0.0078,-0.0063,0.0023,-0.0035,0.0002
2024-09-23,0.0021,-0.0081,-0.0011,0.0044,-0.0024,0.0002
2024-09-24,0.0024,-0.0012,-0.0058,-0.0028,0.0081,0.0002
2024-09-25,-0.0029,-0.0092,-0.007,-0.0005,0.0015,0.0002
2024-09-26,0.0043,0.0022,0.0043,-0.0053,0.0055,0.0002
2024-09-27,-0.0009,0.007,0.0056,0.0012,-0.0007,0.0002
2024-09-30,0.0036,-0.0009,0.0015,0.0041,-0.0002,0.0002
2024-10-01,-0.0097,-0.0065,-0.0003,0.008,-0.0059,0.00017
2024-10-02,0.0,-0.0027,-0.0018,-0.005,0.004,0.00017
2024-10-03,-0.0023,-0.0066,0.0019,0.0046,0.0032,0.00017
2024-10-04,0.0103,0.0048,0.0028,-0.0053,-0.0017,0.00017
2024-10-07,-0.0097,-0.0019,0.0029,0.0008,0.0077,0.00017
2024-10-08,0.0087,-0.0075,-0.0114,-0.0031,0.0021,0.00017
2024-10-09,0.0069,-0.0047,0.0019,0.0015,-0.0023,0.00017
2024-10-10,-0.002,-0.0038,0.0009,0.0015,0.0015,0.00017
2024-10-11,0.0075,0.0127,0.0076,-0.0099,0.0,0.00017
2024-10-14,0.007,-0.0012,-0.0032,-0.0011,0.0048,0.00017
2024-10-15,-0.0072,0.0098,0.0051,-0.0026,-0.0045,0.00017
2024-10-16,0.0052,0.0104,0.0054,-0.0033,0.0066,0.00017
2024-10-17,-0.0005,-0.0009,0.0016,0.0029,0.0007,0.00017
2024-10-18,0.0036,-0.0044,-0.0075,-0.0057,0.0014,0.00017
2024-10-21,-0.0029,-0.0137,-0.012,-0.0017,0.0044,0.00017
2024-10-22,-0.0011,-0.0026,0.0057,0.001,-0.0032,0.00017
2024-10-23,-0.0097,-0.0002,0.0109,0.0028,-0.0009,0.00017
2024-10-24,0.0029,0.0008,-0.0029,-0.0002,-0.0034,0.00017
2024-10-25,-0.0008,-0.0028,-0.0083,0.0007,-0.0032,0.00017
2024-10-28,0.0038,0.0134,0.0063,-0.006,-0.0009,0.00017
2024-10-29,0.0015,-0.0022,-0.0108,-0.003,-0.0013,0.00017
2024-10-30,-0.0032,0.0017,0.0075,0.0041,-0.0011,0.00017
2024-10-31,-0.018,-0.0001,0.0064,0.0042,0.0019,0.00017
2024-11-01,0.0047,0.0033,-0.0107,-0.0038,0.0017,0.0002
2024-11-04,-0.0027,0.0069,-0.0055,0.0017,0.0037,0.0002
2024-11-05,0.013,0.0066,-0.0014,-0.0041,-0.002,0.0002
2024-11-06,0.0291,0.0267,0.035,-0.0008,-0.0105,0.0002
2024-11-07,0.0066,-0.0091,-0.0276,-0.0003,0.0022,0.0002
2024-11-08,0.0043,0.0037,-0.0051,-0.0036,-0.0076,0.0002
2024-11-11,0.0032,0.0113,0.0084,-0.0087,-0.0075,0.0002
2024-11-12,-0.0038,-0.0134,0.0014,0.0059,0.0049,0.0002
2024-11-13,-0.0012,-0.0096,0.0018,0.0037,0.0015,0.0002
2024-11-14,-0.0071,-0.0069,0.0071,0.007,0.0016,0.0002
2024-11-15,-0.0138,-0.0038,0.0165,0.0017,-0.003,0.0002
2024-11-18,0.0041,-0.0036,-0.0003,-0.0012,-0.0055,0.0002
2024-11-19,0.0049,0.0025,-0.0164,-0.0092,0.0055,0.0002
2024-11-20,0.0004,0.0006,-0.0011,0.0005,-0.0007,0.0002
2024-11-21,0.0065,0.009,0.0029,-0.0038,0.0064,0.0002
2024-11-22,0.0053,0.014,0.0042,-0.0068,-0.0063,0.0002
2024-11-25,0.0041,0.0129,0.0023,0.0007,-0.0046,0.0002
2024-11-26,0.0042,-0.0107,-0.0067,0.0054,-0.0035,0.0002
2024-11-27,-0.004,0.0044,0.0047,-0.006,0.001,0.0002
2024-11-29,0.0054,-0.0005,-0.0064,-0.0006,0.0032,0.0002
2024-12-02,0.0023,0.0019,-0.0066,0.0051,-0.0039,0.00017
2024-12-03,0.0004,-0.0078,-0.0056,0.0036,-0.0014,0.00017
2024-12-04,0.007,-0.0019,-0.0126,-0.0108,-0.0005,0.00017
2024-12-05,-0.0028,-0.0096,0.0048,0.0054,-0.0011,0.00017
2024-12-06,0.0035,0.0039,-0.0106,-0.0107,-0.007,0.00017
2024-12-09,-0.0073,0.0044,0.0013,0.0069,-0.0003,0.00017
2024-12-10,-0.0036,0.001,0.0014,0.0113,-0.0071,0.00017
2024-12-11,0.0087,-0.0019,-0.0058,-0.0007,-0.0039,0.00017
2024-12-12,-0.0062,-0.0078,0.0041,0.0036,0.0014,0.00017
2024-12-13,-0.0006,-0.0051,-0.003,0.0032,-0.003,0.00017
2024-12-16,0.0046,0.0041,-0.0106,-0.011,-0.0093,0.00017
2024-12-17,-0.0049,-0.0054,-0.0056,0.0008,-0.0007,0.00017
2024-12-18,-0.0317,-0.0127,0.0009,0.0106,0.0076,0.00017
2024-12-19,-0.0012,-0.0025,-0.0001,0.0028,0.0016,0.00017
2024-12-20,0.0107,-0.0026,0.0007,-0.012,0.0064,0.00017
2024-12-23,0.0061,-0.0086,-0.002,0.0029,0.0066,0.00017
2024-12-24,0.0111,-0.0012,-0.0006,-0.0011,-0.0036,0.00017
2024-12-26,0.0001,0.0107,-0.0019,-0.0042,0.0036,0.00017
2024-12-27,-0.0117,-0.0044,0.0057,0.0039,0.0004,0.00017
2024-12-30,-0.0109,0.0025,0.0074,0.0055,0.0014,0.00017
2024-12-31,-0.0046,0.0032,0.0071,0.0033,0.0002,0.00017
2025-01-02,0.0003821746031746031,-0.0005277188208616746,-2.201814058960381e-06,-0.00020732653061226187,-4.671201814058993e-06,0.00017070702947844446
2025-01-02,-0.0016,-0.0002,-0.0032,-0.0065,0.0061,0.00019
2025-01-03,0.0134,0.0029,-0.0094,-0.0126,0.0037,0.00019
2025-01-03,0.0003821746031746031,-0.0005277188208616746,-2.201814058960381e-06,-0.00020732653061226187,-4.671201814058993e-06,0.00017070702947844446
2025-01-06,0.0003821746031746031,-0.0005277188208616746,-2.201814058960381e-06,-0.00020732653061226187,-4.671201814058993e-06,0.00017070702947844446
2025-01-06,0.0055,-0.0062,-0.0033,-0.004,0.0055,0.00019
2025-01-07,0.0003821746031746031,-0.0005277188208616746,-2.201814058960381e-06,-0.00020732653061226187,-4.671201814058993e-06,0.00017070702947844446
2025-01-07,-0.0118,0.0013,0.0084,0.002,-0.0105,0.00019
2025-01-08,0.0003821746031746031,-0.0005277188208616746,-2.201814058960381e-06,-0.00020732653061226187,-4.671201814058993e-06,0.00017070702947844446
2025-01-08,0.001,-0.0059,-0.0012,0.0078,-0.0002,0.00019
2025-01-10,0.0003821746031746031,-0.0005277188208616746,-2.201814058960381e-06,-0.00020732653061226187,-4.671201814058993e-06,0.00017070702947844446
2025-01-10,-0.0155,-0.0082,-0.0019,0.0116,-0.0051,0.00019
2025-01-13,0.0003821746031746031,-0.0005277188208616746,-2.201814058960381e-06,-0.00020732653061226187,-4.671201814058993e-06,0.00017070702947844446
2025-01-13,0.0012,-0.0018,0.012,0.0077,-0.0025,0.00019
2025-01-14,0.0003821746031746031,-0.0005277188208616746,-2.201814058960381e-06,-0.00020732653061226187,-4.671201814058993e-06,0.00017070702947844446
2025-01-14,0.0017,0.0077,0.0165,0.0042,-0.0032,0.00019
2025-01-15,0.0003821746031746031,-0.0005277188208616746,-2.201814058960381e-06,-0.00020732653061226187,-4.671201814058993e-06,0.00017070702947844446
2025-01-15,0.0191,0.0026,0.0009,-0.0058,-0.0028,0.00019
2025-01-16,0.0003821746031746031,-0.0005277188208616746,-2.201814058960381e-06,-0.00020732653061226187,-4.671201814058993e-06,0.00017070702947844446
2025-01-16,-0.0019,0.0015,0.0017,-0.0039,-0.0028,0.00019
2025-01-17,0.0003821746031746031,-0.0005277188208616746,-2.201814058960381e-06,-0.00020732653061226187,-4.671201814058993e-06,0.00017070702947844446
2025-01-17,0.0096,-0.0059,0.0009,-0.0016,0.0008,0.00019
2025-01-21,0.0096,0.0099,-0.0102,-0.0089,0.0034,0.00019
2025-01-21,0.0003821746031746031,-0.0005277188208616746,-2.201814058960381e-06,-0.00020732653061226187,-4.671201814058993e-06,0.00017070702947844446
2025-01-22,0.0003821746031746031,-0.0005277188208616746,-2.201814058960381e-06,-0.00020732653061226187,-4.671201814058993e-06,0.00017070702947844446
2025-01-22,0.0054,-0.0097,-0.0122,0.0006,0.0038,0.00019
2025-01-23,0.0048,-0.0001,-0.0026,-0.0044,0.003,0.00019
2025-01-23,0.0003821746031746031,-0.0005277188208616746,-2.201814058960381e-06,-0.00020732653061226187,-4.671201814058993e-06,0.00017070702947844446
2025-01-24,0.0003821746031746031,-0.0005277188208616746,-2.201814058960381e-06,-0.00020732653061226187,-4.671201814058993e-06,0.00017070702947844446
2025-01-24,-0.0027,0.0006,0.0068,0.0006,-0.006,0.00019
2025-01-27,0.0003821746031746031,-0.0005277188208616746,-2.201814058960381e-06,-0.00020732653061226187,-4.671201814058993e-06,0.00017070702947844446
2025-01-27,-0.0149,0.0032,0.0252,-0.0013,-0.017,0.00019
2025-01-28,0.0003821746031746031,-0.0005277188208616746,-2.201814058960381e-06,-0.00020732653061226187,-4.671201814058993e-06,0.00017070702947844446
2025-01-28,0.0092,-0.0052,-0.0165,-0.0058,0.0051,0.00019
2025-01-29,0.0003821746031746031,-0.0005277188208616746,-2.201814058960381e-06,-0.00020732653061226187,-4.671201814058993e-06,0.00017070702947844446
2025-01-29,-0.0043,0.0022,0.0049,0.004,-0.0053,0.00019
2025-01-30,0.0003821746031746031,-0.0005277188208616746,-2.201814058960381e-06,-0.00020732653061226187,-4.671201814058993e-06,0.00017070702947844446
2025-01-30,0.0058,0.0034,-0.0002,-0.0029,0.0006,0.00019
2025-01-31,0.0003821746031746031,-0.0005277188208616746,-2.201814058960381e-06,-0.00020732653061226187,-4.671201814058993e-06,0.00017070702947844446
2025-01-31,-0.0053,-0.0038,-0.0018,-0.0039,-0.0069,0.00019
2025-02-03,0.0003821746031746031,-0.0005277188208616746,-2.201814058960381e-06,-0.00020732653061226187,-4.671201814058993e-06,0.00017070702947844446
2025-02-03,-0.0082,-0.0068,-0.0025,-0.0023,-0.0041,0.00017
2025-02-04,0.0003821746031746031,-0.0005277188208616746,-2.201814058960381e-06,-0.00020732653061226187,-4.671201814058993e-06,0.00017070702947844446
2025-02-04,0.0077,0.0081,-0.0011,-0.0032,-0.0032,0.00017
2025-02-05,0.0039,0.0049,0.003,-0.0038,0.0129,0.00017
2025-02-05,0.0003821746031746031,-0.0005277188208616746,-2.201814058960381e-06,-0.00020732653061226187,-4.671201814058993e-06,0.00017070702947844446
2025-02-06,0.0003821746031746031,-0.0005277188208616746,-2.201814058960381e-06,-0.00020732653061226187,-4.671201814058993e-06,0.00017070702947844446
2025-02-06,0.0029,-0.0056,0.006,0.0033,0.0035,0.00017
2025-02-07,-0.0098,-0.0039,-0.0002,-0.006,0.0014,0.00017
2025-02-07,0.0003821746031746031,-0.0005277188208616746,-2.201814058960381e-06,-0.00020732653061226187,-4.671201814058993e-06,0.00017070702947844446
2025-02-10,0.0066,-0.001,-0.0111,-0.0009,0.0028,0.00017
2025-02-10,0.0003821746031746031,-0.0005277188208616746,-2.201814058960381e-06,-0.00020732653061226187,-4.671201814058993e-06,0.00017070702947844446
2025-02-11,-0.0014,-0.0044,0.013,0.0149,0.0018,0.00017
2025-02-11,0.0003821746031746031,-0.0005277188208616746,-2.201814058960381e-06,-0.00020732653061226187,-4.671201814058993e-06,0.00017070702947844446
2025-02-12,-0.0031,-0.0066,-0.0065,-0.0094,0.0003,0.00017
2025-02-12,0.0003821746031746031,-0.0005277188208616746,-2.201814058960381e-06,-0.00020732653061226187,-4.671201814058993e-06,0.00017070702947844446
2025-02-13,0.0003821746031746031,-0.0005277188208616746,-2.201814058960381e-06,-0.00020732653061226187,-4.671201814058993e-06,0.00017070702947844446
2025-02-13,0.011,0.0022,-0.0017,-0.0033,0.0038,0.00017
2025-02-14,0.0003821746031746031,-0.0005277188208616746,-2.201814058960381e-06,-0.00020732653061226187,-4.671201814058993e-06,0.00017070702947844446
2025-02-14,0.0002,-0.0018,0.0047,-0.0013,0.0075,0.00017
2025-02-18,0.0025,-0.0008,0.0028,-0.0049,0.0016,0.00017
2025-02-18,0.0003821746031746031,-0.0005277188208616746,-2.201814058960381e-06,-0.00020732653061226187,-4.671201814058993e-06,0.00017070702947844446
2025-02-19,0.0003821746031746031,-0.0005277188208616746,-2.201814058960381e-06,-0.00020732653061226187,-4.671201814058993e-06,0.00017070702947844446
2025-02-19,0.0009,-0.0061,-0.0007,0.0047,0.0017,0.00017
2025-02-20,0.0003821746031746031,-0.0005277188208616746,-2.201814058960381e-06,-0.00020732653061226187,-4.671201814058993e-06,0.00017070702947844446
2025-02-20,-0.0061,-0.0054,-0.0014,0.0056,0.0042,0.00017
2025-02-21,0.0003821746031746031,-0.0005277188208616746,-2.201814058960381e-06,-0.00020732653061226187,-4.671201814058993e-06,0.00017070702947844446
2025-02-21,-0.019,-0.0086,0.0077,0.006,0.0007,0.00017
2025-02-24,0.0003821746031746031,-0.0005277188208616746,-2.201814058960381e-06,-0.00020732653061226187,-4.671201814058993e-06,0.00017070702947844446
2025-02-24,-0.0057,-0.0051,0.012,0.0079,-0.0009,0.00017
2025-02-25,0.0003821746031746031,-0.0005277188208616746,-2.201814058960381e-06,-0.00020732653061226187,-4.671201814058993e-06,0.00017070702947844446
2025-02-25,-0.0058,0.0016,0.007,0.0149,-0.0015,0.00017
2025-02-26,0.0002,-0.001,-0.0034,-0.0098,0.0054,0.00017
2025-02-26,0.0003821746031746031,-0.0005277188208616746,-2.201814058960381e-06,-0.00020732653061226187,-4.671201814058993e-06,0.00017070702947844446
2025-02-27,-0.0165,-0.0024,0.0213,0.003,-0.01,0.00017
2025-02-27,0.0003821746031746031,-0.0005277188208616746,-2.201814058960381e-06,-0.00020732653061226187,-4.671201814058993e-06,0.00017070702947844446
2025-02-28,0.0003821746031746031,-0.0005277188208616746,-2.201814058960381e-06,-0.00020732653061226187,-4.671201814058993e-06,0.00017070702947844446
2025-02-28,0.0159,-0.0081,0.0013,-0.0046,0.0034,0.00017
2025-03-03,0.0003821746031746031,-0.0005277188208616746,-2.201814058960381e-06,-0.00020732653061226187,-4.671201814058993e-06,0.00017070702947844446
2025-03-03,-0.0193,-0.0093,0.0108,0.0043,-0.0088,0.00016
2025-03-04,0.0003821746031746031,-0.0005277188208616746,-2.201814058960381e-06,-0.00020732653061226187,-4.671201814058993e-06,0.00017070702947844446
2025-03-04,-0.0127,0.0035,-0.021,-0.0022,0.0025,0.00016
2025-03-05,0.0003821746031746031,-0.0005277188208616746,-2.201814058960381e-06,-0.00020732653061226187,-4.671201814058993e-06,0.00017070702947844446
2025-03-05,0.0116,0.0016,-0.0083,-0.0071,-0.0022,0.00016
2025-03-06,0.0003821746031746031,-0.0005277188208616746,-2.201814058960381e-06,-0.00020732653061226187,-4.671201814058993e-06,0.00017070702947844446
2025-03-06,-0.0192,0.0041,0.0092,0.0154,-0.0011,0.00016
2025-03-07,0.0047,-0.0006,-0.0033,0.0055,0.0075,0.00016
2025-03-07,0.0003821746031746031,-0.0005277188208616746,-2.201814058960381e-06,-0.00020732653061226187,-4.671201814058993e-06,0.00017070702947844446
2025-03-10,0.0003821746031746031,-0.0005277188208616746,-2.201814058960381e-06,-0.00020732653061226187,-4.671201814058993e-06,0.00017070702947844446
2025-03-10,-0.029,-0.0018,0.0072,0.0158,0.0033,0.00016
2025-03-11,0.0003821746031746031,-0.0005277188208616746,-2.201814058960381e-06,-0.00020732653061226187,-4.671201814058993e-06,0.00017070702947844446
2025-03-11,-0.0063,0.0079,-0.0013,-0.0119,-0.0045,0.00016
2025-03-12,0.0051,-0.0044,-0.0033,-0.014,0.0049,0.00016
2025-03-12,0.0003821746031746031,-0.0005277188208616746,-2.201814058960381e-06,-0.00020732653061226187,-4.671201814058993e-06,0.00017070702947844446
2025-03-13,0.0003821746031746031,-0.0005277188208616746,-2.201814058960381e-06,-0.00020732653061226187,-4.671201814058993e-06,0.00017070702947844446
2025-03-13,-0.0149,-0.0066,0.0142,0.0008,0.007,0.00016
2025-03-14,0.0221,0.0021,0.0008,-0.0072,0.0009,0.00016
2025-03-14,0.0003821746031746031,-0.0005277188208616746,-2.201814058960381e-06,-0.00020732653061226187,-4.671201814058993e-06,0.00017070702947844446
2025-03-17,0.0072,0.0033,0.0014,-0.0055,0.0005,0.00016
2025-03-17,0.0003821746031746031,-0.0005277188208616746,-2.201814058960381e-06,-0.00020732653061226187,-4.671201814058993e-06,0.00017070702947844446
2025-03-18,-0.0113,0.001,0.0103,0.0037,-0.0018,0.00016
2025-03-18,0.0003821746031746031,-0.0005277188208616746,-2.201814058960381e-06,-0.00020732653061226187,-4.671201814058993e-06,0.00017070702947844446
2025-03-19,0.012,0.0044,-0.0041,-0.0002,-0.0045,0.00016
2025-03-19,0.0003821746031746031,-0.0005277188208616746,-2.201814058960381e-06,-0.00020732653061226187,-4.671201814058993e-06,0.00017070702947844446
2025-03-20,-0.0024,-0.0042,0.0022,-0.0013,0.0018,0.00016
2025-03-20,0.0003821746031746031,-0.0005277188208616746,-2.201814058960381e-06,-0.00020732653061226187,-4.671201814058993e-06,0.00017070702947844446
2025-03-21,0.0008,-0.0044,-0.0071,-0.0007,-0.0029,0.00016
2025-03-21,0.0003821746031746031,-0.0005277188208616746,-2.201814058960381e-06,-0.00020732653061226187,-4.671201814058993e-06,0.00017070702947844446
2025-03-24,0.0193,0.0056,-0.0043,-0.0055,-0.0042,0.00016
2025-03-24,0.0003821746031746031,-0.0005277188208616746,-2.201814058960381e-06,-0.00020732653061226187,-4.671201814058993e-06,0.00017070702947844446
2025-03-25,0.0012,-0.0089,0.0005,0.0017,-0.0068,0.00016
2025-03-25,0.0003821746031746031,-0.0005277188208616746,-2.201814058960381e-06,-0.00020732653061226187,-4.671201814058993e-06,0.00017070702947844446
2025-03-26,-0.0122,0.0009,0.0152,0.0111,-0.0014,0.00016
2025-03-26,0.0003821746031746031,-0.0005277188208616746,-2.201814058960381e-06,-0.00020732653061226187,-4.671201814058993e-06,0.00017070702947844446
2025-03-27,-0.0042,0.0023,0.003,0.0029,-0.0014,0.00016
2025-03-27,0.0003821746031746031,-0.0005277188208616746,-2.201814058960381e-06,-0.00020732653061226187,-4.671201814058993e-06,0.00017070702947844446
2025-03-28,-0.0207,-0.0032,0.004,0.0037,0.0075,0.00016
2025-03-28,0.0003821746031746031,-0.0005277188208616746,-2.201814058960381e-06,-0.00020732653061226187,-4.671201814058993e-06,0.00017070702947844446
2025-03-31,0.0003821746031746031,-0.0005277188208616746,-2.201814058960381e-06,-0.00020732653061226187,-4.671201814058993e-06,0.00017070702947844446
2025-03-31,0.004,-0.0085,0.0037,0.0118,-0.0011,0.00016
2025-04-01,0.0003821746031746031,-0.0005277188208616746,-2.201814058960381e-06,-0.00020732653061226187,-4.671201814058993e-06,0.00017070702947844446
2025-04-01,0.004,-0.0044,0.0003,0.0067,-0.0039,0.00017
2025-04-02,0.0081,0.0082,-0.0011,-0.0061,-0.004,0.00017
2025-04-02,0.0003821746031746031,-0.0005277188208616746,-2.201814058960381e-06,-0.00020732653061226187,-4.671201814058993e-06,0.00017070702947844446
2025-04-03,0.0003821746031746031,-0.0005277188208616746,-2.201814058960381e-06,-0.00020732653061226187,-4.671201814058993e-06,0.00017070702947844446
2025-04-03,-0.0513,-0.0164,-0.005,0.0004,-0.0058,0.00017
2025-04-04,-0.0592,0.0199,-0.0024,0.0127,-0.0015,0.00017
2025-04-04,0.0003821746031746031,-0.0005277188208616746,-2.201814058960381e-06,-0.00020732653061226187,-4.671201814058993e-06,0.00017070702947844446
2025-04-07,-0.0023,-0.0074,-0.0024,-0.0067,0.0016,0.00017
2025-04-07,0.0003821746031746031,-0.0005277188208616746,-2.201814058960381e-06,-0.00020732653061226187,-4.671201814058993e-06,0.00017070702947844446
2025-04-08,-0.0167,-0.0118,0.0097,0.0017,-0.003,0.00017
2025-04-08,0.0003821746031746031,-0.0005277188208616746,-2.201814058960381e-06,-0.00020732653061226187,-4.671201814058993e-06,0.00017070702947844446
2025-04-09,0.0003821746031746031,-0.0005277188208616746,-2.201814058960381e-06,-0.00020732653061226187,-4.671201814058993e-06,0.00017070702947844446
2025-04-09,0.0965,-0.0067,-0.0306,-0.0067,0.0056,0.00017
2025-04-10,0.0003821746031746031,-0.0005277188208616746,-2.201814058960381e-06,-0.00020732653061226187,-4.671201814058993e-06,0.00017070702947844446
2025-04-10,-0.0354,-0.0072,-0.0014,0.0063,-0.0053,0.00017
2025-04-11,0.0003821746031746031,-0.0005277188208616746,-2.201814058960381e-06,-0.00020732653061226187,-4.671201814058993e-06,0.00017070702947844446
2025-04-11,0.0176,-0.0038,-0.0101,-0.0007,0.0,0.00017
2025-04-14,0.0079,0.0016,0.0036,-0.0064,0.0008,0.00017
2025-04-14,0.0003821746031746031,-0.0005277188208616746,-2.201814058960381e-06,-0.00020732653061226187,-4.671201814058993e-06,0.00017070702947844446
2025-04-15,0.0003821746031746031,-0.0005277188208616746,-2.201814058960381e-06,-0.00020732653061226187,-4.671201814058993e-06,0.00017070702947844446
2025-04-15,-0.0014,0.0012,0.0045,-0.0087,0.0037,0.00017
2025-04-16,0.0003821746031746031,-0.0005277188208616746,-2.201814058960381e-06,-0.00020732653061226187,-4.671201814058993e-06,0.00017070702947844446
2025-04-16,-0.0222,0.0113,0.0133,0.0007,-0.0067,0.00017
2025-04-17,0.0022,0.0057,0.0074,0.0052,-0.0029,0.00017
2025-04-17,0.0003821746031746031,-0.0005277188208616746,-2.201814058960381e-06,-0.00020732653061226187,-4.671201814058993e-06,0.00017070702947844446
2025-04-21,0.0003821746031746031,-0.0005277188208616746,-2.201814058960381e-06,-0.00020732653061226187,-4.671201814058993e-06,0.00017070702947844446
2025-04-21,-0.024,0.0019,0.0069,-0.0013,0.0014,0.00017
2025-04-22,0.0003821746031746031,-0.0005277188208616746,-2.201814058960381e-06,-0.00020732653061226187,-4.671201814058993e-06,0.00017070702947844446
2025-04-22,0.0256,0.0014,0.0024,-0.0027,-0.0025,0.00017
2025-04-23,0.0175,-0.0013,-0.0066,-0.0109,0.0005,0.00017
2025-04-23,0.0003821746031746031,-0.0005277188208616746,-2.201814058960381e-06,-0.00020732653061226187,-4.671201814058993e-06,0.00017070702947844446
2025-04-24,0.0003821746031746031,-0.0005277188208616746,-2.201814058960381e-06,-0.00020732653061226187,-4.671201814058993e-06,0.00017070702947844446
2025-04-24,0.0214,-0.0004,-0.0094,-0.012,0.0003,0.00017
2025-04-25,0.0064,-0.0047,-0.0115,0.0001,-0.0016,0.00017
2025-04-25,0.0003821746031746031,-0.0005277188208616746,-2.201814058960381e-06,-0.00020732653061226187,-4.671201814058993e-06,0.00017070702947844446
2025-04-28,0.0008,0.0032,0.0014,-0.0002,-0.0017,0.00017
2025-04-28,0.0003821746031746031,-0.0005277188208616746,-2.201814058960381e-06,-0.00020732653061226187,-4.671201814058993e-06,0.00017070702947844446
2025-04-29,0.0003821746031746031,-0.0005277188208616746,-2.201814058960381e-06,-0.00020732653061226187,-4.671201814058993e-06,0.00017070702947844446
2025-04-29,0.0058,-0.0007,-0.0004,-0.0031,-0.0014,0.00017
2025-04-30,0.0003821746031746031,-0.0005277188208616746,-2.201814058960381e-06,-0.00020732653061226187,-4.671201814058993e-06,0.00017070702947844446
2025-04-30,0.0003,-0.0086,-0.006,-0.0002,0.0008,0.00017
2025-05-01,0.0003821746031746031,-0.0005277188208616746,-2.201814058960381e-06,-0.00020732653061226187,-4.671201814058993e-06,0.00017070702947844446
2025-05-01,0.0059,0.0025,-0.0029,0.0081,-0.0035,0.00018
2025-05-02,0.0003821746031746031,-0.0005277188208616746,-2.201814058960381e-06,-0.00020732653061226187,-4.671201814058993e-06,0.00017070702947844446
2025-05-02,0.0156,0.0072,0.0029,-0.002,0.0003,0.00018
2025-05-05,0.0003821746031746031,-0.0005277188208616746,-2.201814058960381e-06,-0.00020732653061226187,-4.671201814058993e-06,0.00017070702947844446
2025-05-05,-0.0066,-0.0015,-0.005,0.003,0.0009,0.00018
2025-05-06,0.0003821746031746031,-0.0005277188208616746,-2.201814058960381e-06,-0.00020732653061226187,-4.671201814058993e-06,0.00017070702947844446
2025-05-06,-0.0081,-0.0033,0.0062,0.0139,0.0021,0.00018
2025-05-07,0.004,-0.0032,-0.0004,-0.0037,0.0061,0.00018
2025-05-07,0.0003821746031746031,-0.0005277188208616746,-2.201814058960381e-06,-0.00020732653061226187,-4.671201814058993e-06,0.00017070702947844446
2025-05-08,0.0075,0.0146,-0.0007,-0.0095,0.0009,0.00018
2025-05-08,0.0003821746031746031,-0.0005277188208616746,-2.201814058960381e-06,-0.00020732653061226187,-4.671201814058993e-06,0.00017070702947844446
2025-05-09,0.0003821746031746031,-0.0005277188208616746,-2.201814058960381e-06,-0.00020732653061226187,-4.671201814058993e-06,0.00017070702947844446
2025-05-09,-0.0009,-0.0015,0.0057,0.0041,-0.0033,0.00018
2025-05-12,0.0003821746031746031,-0.0005277188208616746,-2.201814058960381e-06,-0.00020732653061226187,-4.671201814058993e-06,0.00017070702947844446
2025-05-12,0.0336,0.003,-0.0142,0.002,0.0014,0.00018
2025-05-13,0.0003821746031746031,-0.0005277188208616746,-2.201814058960381e-06,-0.00020732653061226187,-4.671201814058993e-06,0.00017070702947844446
2025-05-13,0.0079,-0.0031,-0.0016,-0.0028,0.0055,0.00018
2025-05-14,0.0003821746031746031,-0.0005277188208616746,-2.201814058960381e-06,-0.00020732653061226187,-4.671201814058993e-06,0.00017070702947844446
2025-05-14,0.0008,-0.0083,-0.0087,0.001,0.0025,0.00018
2025-05-15,0.0003821746031746031,-0.0005277188208616746,-2.201814058960381e-06,-0.00020732653061226187,-4.671201814058993e-06,0.00017070702947844446
2025-05-15,0.003,0.0013,0.0044,0.0033,0.0065,0.00018
2025-05-16,0.0003821746031746031,-0.0005277188208616746,-2.201814058960381e-06,-0.00020732653061226187,-4.671201814058993e-06,0.00017070702947844446
2025-05-16,0.0074,0.0004,-0.0043,-0.0048,-0.0001,0.00018
2025-05-19,0.0001,-0.0049,-0.0007,0.0017,-0.0001,0.00018
2025-05-19,0.0003821746031746031,-0.0005277188208616746,-2.201814058960381e-06,-0.00020732653061226187,-4.671201814058993e-06,0.00017070702947844446
2025-05-20,-0.0037,0.0041,-0.0012,-0.0047,0.0002,0.00018
2025-05-20,0.0003821746031746031,-0.0005277188208616746,-2.201814058960381e-06,-0.00020732653061226187,-4.671201814058993e-06,0.00017070702947844446
2025-05-21,0.0003821746031746031,-0.0005277188208616746,-2.201814058960381e-06,-0.00020732653061226187,-4.671201814058993e-06,0.00017070702947844446
2025-05-21,-0.0173,-0.0106,-0.003,0.0072,-0.0046,0.00018
2025-05-22,-0.0001,0.0015,-0.0042,-0.0033,0.0034,0.00018
2025-05-22,0.0003821746031746031,-0.0005277188208616746,-2.201814058960381e-06,-0.00020732653061226187,-4.671201814058993e-06,0.00017070702947844446
2025-05-23,-0.0067,0.0007,0.0039,-0.0033,-0.0002,0.00018
2025-05-23,0.0003821746031746031,-0.0005277188208616746,-2.201814058960381e-06,-0.00020732653061226187,-4.671201814058993e-06,0.00017070702947844446
2025-05-27,0.0003821746031746031,-0.0005277188208616746,-2.201814058960381e-06,-0.00020732653061226187,-4.671201814058993e-06,0.00017070702947844446
2025-05-27,0.0207,0.0046,-0.0028,0.0012,0.0039,0.00018
2025-05-28,-0.0062,-0.0044,-0.0023,-0.0022,0.0025,0.00018
2025-05-28,0.0003821746031746031,-0.0005277188208616746,-2.201814058960381e-06,-0.00020732653061226187,-4.671201814058993e-06,0.00017070702947844446
2025-05-29,0.0033,-0.0011,0.0034,0.0011,0.0072,0.00018
2025-05-29,0.0003821746031746031,-0.0005277188208616746,-2.201814058960381e-06,-0.00020732653061226187,-4.671201814058993e-06,0.00017070702947844446
2025-05-30,0.0003821746031746031,-0.0005277188208616746,-2.201814058960381e-06,-0.00020732653061226187,-4.671201814058993e-06,0.00017070702947844446
2025-05-30,-0.0002,-0.0038,-0.0021,0.0012,-0.0076,0.00018
2025-06-02,0.0003821746031746031,-0.0005277188208616746,-2.201814058960381e-06,-0.00020732653061226187,-4.671201814058993e-06,0.00017070702947844446
2025-06-02,0.0039,-0.004,-0.0064,-0.0052,0.0005,0.00017
2025-06-03,0.0003821746031746031,-0.0005277188208616746,-2.201814058960381e-06,-0.00020732653061226187,-4.671201814058993e-06,0.00017070702947844446
2025-06-03,0.0066,0.0093,-0.003,-0.0029,0.0045,0.00017
2025-06-04,0.0003821746031746031,-0.0005277188208616746,-2.201814058960381e-06,-0.00020732653061226187,-4.671201814058993e-06,0.00017070702947844446
2025-06-04,-0.0002,0.0,-0.0125,-0.0028,0.0022,0.00017
2025-06-05,0.0003821746031746031,-0.0005277188208616746,-2.201814058960381e-06,-0.00020732653061226187,-4.671201814058993e-06,0.00017070702947844446
2025-06-05,-0.0051,0.0048,0.001,0.0008,-0.0008,0.00017
2025-06-06,0.0003821746031746031,-0.0005277188208616746,-2.201814058960381e-06,-0.00020732653061226187,-4.671201814058993e-06,0.00017070702947844446
2025-06-06,0.0107,0.0061,0.0006,-0.0043,0.0003,0.00017
2025-06-09,0.0011,0.0049,-0.0006,-0.0048,-0.0005,0.00017
2025-06-09,0.0003821746031746031,-0.0005277188208616746,-2.201814058960381e-06,-0.00020732653061226187,-4.671201814058993e-06,0.00017070702947844446
2025-06-10,0.0003821746031746031,-0.0005277188208616746,-2.201814058960381e-06,-0.00020732653061226187,-4.671201814058993e-06,0.00017070702947844446
2025-06-10,0.005,-0.0011,0.003,0.003,-0.0004,0.00017
2025-06-11,-0.0032,-0.0022,0.002,-0.0019,-0.0003,0.00017
2025-06-11,0.0003821746031746031,-0.0005277188208616746,-2.201814058960381e-06,-0.00020732653061226187,-4.671201814058993e-06,0.00017070702947844446
2025-06-12,0.0003821746031746031,-0.0005277188208616746,-2.201814058960381e-06,-0.00020732653061226187,-4.671201814058993e-06,0.00017070702947844446
2025-06-12,0.003,-0.0076,-0.0001,0.0054,-0.0022,0.00017
2025-06-13,-0.0115,-0.0098,0.0015,0.0025,-0.0085,0.00017
2025-06-13,0.0003821746031746031,-0.0005277188208616746,-2.201814058960381e-06,-0.00020732653061226187,-4.671201814058993e-06,0.00017070702947844446
2025-06-16,0.0097,0.0044,-0.0036,-0.0053,0.0016,0.00017
2025-06-16,0.0003821746031746031,-0.0005277188208616746,-2.201814058960381e-06,-0.00020732653061226187,-4.671201814058993e-06,0.00017070702947844446
2025-06-17,0.0003821746031746031,-0.0005277188208616746,-2.201814058960381e-06,-0.00020732653061226187,-4.671201814058993e-06,0.00017070702947844446
2025-06-17,-0.0088,-0.0025,-0.0005,0.0045,-0.004,0.00017
2025-06-18,0.0003821746031746031,-0.0005277188208616746,-2.201814058960381e-06,-0.00020732653061226187,-4.671201814058993e-06,0.00017070702947844446
2025-06-18,0.0003,0.0035,0.0037,-0.0059,0.0038,0.00017
2025-06-20,0.0003821746031746031,-0.0005277188208616746,-2.201814058960381e-06,-0.00020732653061226187,-4.671201814058993e-06,0.00017070702947844446
2025-06-20,-0.0022,-0.0004,0.0045,0.0,0.0041,0.00017
2025-06-23,0.0003821746031746031,-0.0005277188208616746,-2.201814058960381e-06,-0.00020732653061226187,-4.671201814058993e-06,0.00017070702947844446
2025-06-23,0.0093,0.0042,-0.0011,-0.0011,-0.001,0.00017
2025-06-24,0.0003821746031746031,-0.0005277188208616746,-2.201814058960381e-06,-0.00020732653061226187,-4.671201814058993e-06,0.00017070702947844446
2025-06-24,0.0117,0.0025,-0.0051,-0.0107,0.003,0.00017
2025-06-25,0.0003821746031746031,-0.0005277188208616746,-2.201814058960381e-06,-0.00020732653061226187,-4.671201814058993e-06,0.00017070702947844446
2025-06-25,-0.0007,-0.0117,-0.0006,-0.0014,0.0086,0.00017
2025-06-26,0.0088,0.0076,0.0032,-0.0037,-0.0003,0.00017
2025-06-26,0.0003821746031746031,-0.0005277188208616746,-2.201814058960381e-06,-0.00020732653061226187,-4.671201814058993e-06,0.00017070702947844446
2025-06-27,0.0003821746031746031,-0.0005277188208616746,-2.201814058960381e-06,-0.00020732653061226187,-4.671201814058993e-06,0.00017070702947844446
2025-06-27,0.0046,-0.0029,0.0,0.007,0.0015,0.00017
2025-06-30,0.0049,-0.0047,-0.0012,-0.0037,0.0017,0.00017
2025-06-30,0.0003821746031746031,-0.0005277188208616746,-2.201814058960381e-06,-0.00020732653061226187,-4.671201814058993e-06,0.00017070702947844446
2025-07-01,0.0002568,-0.0002830857142857,0.0001190857142857,0.0001242285714285,1.3714285714285696e-05,0.0001533028571428
2025-07-01,0.0003821746031746031,-0.0005277188208616746,-2.201814058960381e-06,-0.00020732653061226187,-4.671201814058993e-06,0.00017070702947844446
2025-07-02,0.0002568,-0.0002830857142857,0.0001190857142857,0.0001242285714285,1.3714285714285696e-05,0.0001533028571428
2025-07-02,0.0003821746031746031,-0.0005277188208616746,-2.201814058960381e-06,-0.00020732653061226187,-4.671201814058993e-06,0.00017070702947844446
2025-07-03,0.0002568,-0.0002830857142857,0.0001190857142857,0.0001242285714285,1.3714285714285696e-05,0.0001533028571428
2025-07-03,0.0003821746031746031,-0.0005277188208616746,-2.201814058960381e-06,-0.00020732653061226187,-4.671201814058993e-06,0.00017070702947844446
2025-07-07,0.0002568,-0.0002830857142857,0.0001190857142857,0.0001242285714285,1.3714285714285696e-05,0.0001533028571428
2025-07-07,0.0003821746031746031,-0.0005277188208616746,-2.201814058960381e-06,-0.00020732653061226187,-4.671201814058993e-06,0.00017070702947844446
2025-07-08,0.0003821746031746031,-0.0005277188208616746,-2.201814058960381e-06,-0.00020732653061226187,-4.671201814058993e-06,0.00017070702947844446
2025-07-08,0.0002568,-0.0002830857142857,0.0001190857142857,0.0001242285714285,1.3714285714285696e-05,0.0001533028571428
2025-07-09,0.0003821746031746031,-0.0005277188208616746,-2.201814058960381e-06,-0.00020732653061226187,-4.671201814058993e-06,0.00017070702947844446
2025-07-09,0.0002568,-0.0002830857142857,0.0001190857142857,0.0001242285714285,1.3714285714285696e-05,0.0001533028571428
2025-07-10,0.0003821746031746031,-0.0005277188208616746,-2.201814058960381e-06,-0.00020732653061226187,-4.671201814058993e-06,0.00017070702947844446
2025-07-10,0.0002568,-0.0002830857142857,0.0001190857142857,0.0001242285714285,1.3714285714285696e-05,0.0001533028571428
2025-07-11,0.0003821746031746031,-0.0005277188208616746,-2.201814058960381e-06,-0.00020732653061226187,-4.671201814058993e-06,0.00017070702947844446
2025-07-11,0.0002568,-0.0002830857142857,0.0001190857142857,0.0001242285714285,1.3714285714285696e-05,0.0001533028571428
2025-07-14,0.0002568,-0.0002830857142857,0.0001190857142857,0.0001242285714285,1.3714285714285696e-05,0.0001533028571428
2025-07-14,0.0003821746031746031,-0.0005277188208616746,-2.201814058960381e-06,-0.00020732653061226187,-4.671201814058993e-06,0.00017070702947844446
2025-07-15,0.0003821746031746031,-0.0005277188208616746,-2.201814058960381e-06,-0.00020732653061226187,-4.671201814058993e-06,0.00017070702947844446
2025-07-15,0.0002568,-0.0002830857142857,0.0001190857142857,0.0001242285714285,1.3714285714285696e-05,0.0001533028571428
2025-07-16,0.0002568,-0.0002830857142857,0.0001190857142857,0.0001242285714285,1.3714285714285696e-05,0.0001533028571428
2025-07-16,0.0003821746031746031,-0.0005277188208616746,-2.201814058960381e-06,-0.00020732653061226187,-4.671201814058993e-06,0.00017070702947844446
2025-07-17,0.0003821746031746031,-0.0005277188208616746,-2.201814058960381e-06,-0.00020732653061226187,-4.671201814058993e-06,0.00017070702947844446
2025-07-17,0.0002568,-0.0002830857142857,0.0001190857142857,0.0001242285714285,1.3714285714285696e-05,0.0001533028571428
2025-07-18,0.0003821746031746031,-0.0005277188208616746,-2.201814058960381e-06,-0.00020732653061226187,-4.671201814058993e-06,0.00017070702947844446
2025-07-18,0.0002568,-0.0002830857142857,0.0001190857142857,0.0001242285714285,1.3714285714285696e-05,0.0001533028571428
2025-07-21,0.0002568,-0.0002830857142857,0.0001190857142857,0.0001242285714285,1.3714285714285696e-05,0.0001533028571428
2025-07-21,0.0003821746031746031,-0.0005277188208616746,-2.201814058960381e-06,-0.00020732653061226187,-4.671201814058993e-06,0.00017070702947844446
2025-07-22,0.0003821746031746031,-0.0005277188208616746,-2.201814058960381e-06,-0.00020732653061226187,-4.671201814058993e-06,0.00017070702947844446
2025-07-22,0.0002568,-0.0002830857142857,0.0001190857142857,0.0001242285714285,1.3714285714285696e-05,0.0001533028571428
2025-07-23,0.0003821746031746031,-0.0005277188208616746,-2.201814058960381e-06,-0.00020732653061226187,-4.671201814058993e-06,0.00017070702947844446
2025-07-23,0.0002568,-0.0002830857142857,0.0001190857142857,0.0001242285714285,1.3714285714285696e-05,0.0001533028571428
2025-07-24,0.0003821746031746031,-0.0005277188208616746,-2.201814058960381e-06,-0.00020732653061226187,-4.671201814058993e-06,0.00017070702947844446
2025-07-24,0.0002568,-0.0002830857142857,0.0001190857142857,0.0001242285714285,1.3714285714285696e-05,0.0001533028571428
2025-07-25,0.0003821746031746031,-0.0005277188208616746,-2.201814058960381e-06,-0.00020732653061226187,-4.671201814058993e-06,0.00017070702947844446
2025-07-25,0.0002568,-0.0002830857142857,0.0001190857142857,0.0001242285714285,1.3714285714285696e-05,0.0001533028571428
2025-07-28,0.0003821746031746031,-0.0005277188208616746,-2.201814058960381e-06,-0.00020732653061226187,-4.671201814058993e-06,0.00017070702947844446
2025-07-28,0.0002568,-0.0002830857142857,0.0001190857142857,0.0001242285714285,1.3714285714285696e-05,0.0001533028571428
2025-07-29,0.0003821746031746031,-0.0005277188208616746,-2.201814058960381e-06,-0.00020732653061226187,-4.671201814058993e-06,0.00017070702947844446
2025-07-29,0.0002568,-0.0002830857142857,0.0001190857142857,0.0001242285714285,1.3714285714285696e-05,0.0001533028571428
2025-07-30,0.0002568,-0.0002830857142857,0.0001190857142857,0.0001242285714285,1.3714285714285696e-05,0.0001533028571428
2025-07-30,0.0003821746031746031,-0.0005277188208616746,-2.201814058960381e-06,-0.00020732653061226187,-4.671201814058993e-06,0.00017070702947844446
2025-07-31,0.0002568,-0.0002830857142857,0.0001190857142857,0.0001242285714285,1.3714285714285696e-05,0.0001533028571428
2025-07-31,0.0003821746031746031,-0.0005277188208616746,-2.201814058960381e-06,-0.00020732653061226187,-4.671201814058993e-06,0.00017070702947844446
2025-08-01,0.0002568,-0.0002830857142857,0.0001190857142857,0.0001242285714285,1.3714285714285696e-05,0.0001533028571428
2025-08-01,0.0003821746031746031,-0.0005277188208616746,-2.201814058960381e-06,-0.00020732653061226187,-4.671201814058993e-06,0.00017070702947844446
2025-08-04,0.0002568,-0.0002830857142857,0.0001190857142857,0.0001242285714285,1.3714285714285696e-05,0.0001533028571428
2025-08-04,0.0003821746031746031,-0.0005277188208616746,-2.201814058960381e-06,-0.00020732653061226187,-4.671201814058993e-06,0.00017070702947844446
2025-08-05,0.0002568,-0.0002830857142857,0.0001190857142857,0.0001242285714285,1.3714285714285696e-05,0.0001533028571428
2025-08-05,0.0003821746031746031,-0.0005277188208616746,-2.201814058960381e-06,-0.00020732653061226187,-4.671201814058993e-06,0.00017070702947844446
2025-08-06,0.0003821746031746031,-0.0005277188208616746,-2.201814058960381e-06,-0.00020732653061226187,-4.671201814058993e-06,0.00017070702947844446
2025-08-06,0.0002568,-0.0002830857142857,0.0001190857142857,0.0001242285714285,1.3714285714285696e-05,0.0001533028571428
2025-08-07,0.0003821746031746031,-0.0005277188208616746,-2.201814058960381e-06,-0.00020732653061226187,-4.671201814058993e-06,0.00017070702947844446
2025-08-07,0.0002568,-0.0002830857142857,0.0001190857142857,0.0001242285714285,1.3714285714285696e-05,0.0001533028571428
2025-08-08,0.0003821746031746031,-0.0005277188208616746,-2.201814058960381e-06,-0.00020732653061226187,-4.671201814058993e-06,0.00017070702947844446
2025-08-08,0.0002568,-0.0002830857142857,0.0001190857142857,0.0001242285714285,1.3714285714285696e-05,0.0001533028571428
2025-08-11,0.0003821746031746031,-0.0005277188208616746,-2.201814058960381e-06,-0.00020732653061226187,-4.671201814058993e-06,0.00017070702947844446
2025-08-11,0.0002568,-0.0002830857142857,0.0001190857142857,0.0001242285714285,1.3714285714285696e-05,0.0001533028571428
2025-08-12,0.0003821746031746031,-0.0005277188208616746,-2.201814058960381e-06,-0.00020732653061226187,-4.671201814058993e-06,0.00017070702947844446
2025-08-12,0.0002568,-0.0002830857142857,0.0001190857142857,0.0001242285714285,1.3714285714285696e-05,0.0001533028571428
2025-08-13,0.0002568,-0.0002830857142857,0.0001190857142857,0.0001242285714285,1.3714285714285696e-05,0.0001533028571428
2025-08-13,0.0003821746031746031,-0.0005277188208616746,-2.201814058960381e-06,-0.00020732653061226187,-4.671201814058993e-06,0.00017070702947844446
2025-08-14,0.0002568,-0.0002830857142857,0.0001190857142857,0.0001242285714285,1.3714285714285696e-05,0.0001533028571428
2025-08-14,0.0003821746031746031,-0.0005277188208616746,-2.201814058960381e-06,-0.00020732653061226187,-4.671201814058993e-06,0.00017070702947844446
2025-08-15,0.0002568,-0.0002830857142857,0.0001190857142857,0.0001242285714285,1.3714285714285696e-05,0.0001533028571428
2025-08-15,0.0003821746031746031,-0.0005277188208616746,-2.201814058960381e-06,-0.00020732653061226187,-4.671201814058993e-06,0.00017070702947844446
2025-08-18,0.0002568,-0.0002830857142857,0.0001190857142857,0.0001242285714285,1.3714285714285696e-05,0.0001533028571428
2025-08-18,0.0003821746031746031,-0.0005277188208616746,-2.201814058960381e-06,-0.00020732653061226187,-4.671201814058993e-06,0.00017070702947844446
2025-08-19,0.0003821746031746031,-0.0005277188208616746,-2.201814058960381e-06,-0.00020732653061226187,-4.671201814058993e-06,0.00017070702947844446
2025-08-19,0.0002568,-0.0002830857142857,0.0001190857142857,0.0001242285714285,1.3714285714285696e-05,0.0001533028571428
2025-08-20,0.0002568,-0.0002830857142857,0.0001190857142857,0.0001242285714285,1.3714285714285696e-05,0.0001533028571428
2025-08-20,0.0003821746031746031,-0.0005277188208616746,-2.201814058960381e-06,-0.00020732653061226187,-4.671201814058993e-06,0.00017070702947844446
2025-08-21,0.0002568,-0.0002830857142857,0.0001190857142857,0.0001242285714285,1.3714285714285696e-05,0.0001533028571428
2025-08-21,0.0003821746031746031,-0.0005277188208616746,-2.201814058960381e-06,-0.00020732653061226187,-4.671201814058993e-06,0.00017070702947844446
2025-08-22,0.0003821746031746031,-0.0005277188208616746,-2.201814058960381e-06,-0.00020732653061226187,-4.671201814058993e-06,0.00017070702947844446
2025-08-22,0.0002568,-0.0002830857142857,0.0001190857142857,0.0001242285714285,1.3714285714285696e-05,0.0001533028571428
2025-08-25,0.0003821746031746031,-0.0005277188208616746,-2.201814058960381e-06,-0.00020732653061226187,-4.671201814058993e-06,0.00017070702947844446
2025-08-25,0.0002568,-0.0002830857142857,0.0001190857142857,0.0001242285714285,1.3714285714285696e-05,0.0001533028571428
2025-08-26,0.0003821746031746031,-0.0005277188208616746,-2.201814058960381e-06,-0.00020732653061226187,-4.671201814058993e-06,0.00017070702947844446
2025-08-26,0.0002568,-0.0002830857142857,0.0001190857142857,0.0001242285714285,1.3714285714285696e-05,0.0001533028571428
2025-08-27,0.0003821746031746031,-0.0005277188208616746,-2.201814058960381e-06,-0.00020732653061226187,-4.671201814058993e-06,0.00017070702947844446
2025-08-27,0.0002568,-0.0002830857142857,0.0001190857142857,0.0001242285714285,1.3714285714285696e-05,0.0001533028571428
2025-08-28,0.0003821746031746031,-0.0005277188208616746,-2.201814058960381e-06,-0.00020732653061226187,-4.671201814058993e-06,0.00017070702947844446
2025-08-28,0.0002568,-0.0002830857142857,0.0001190857142857,0.0001242285714285,1.3714285714285696e-05,0.0001533028571428
2025-08-29,0.0002568,-0.0002830857142857,0.0001190857142857,0.0001242285714285,1.3714285714285696e-05,0.0001533028571428
2025-08-29,0.0003821746031746031,-0.0005277188208616746,-2.201814058960381e-06,-0.00020732653061226187,-4.671201814058993e-06,0.00017070702947844446
2025-09-02,0.0003821746031746031,-0.0005277188208616746,-2.201814058960381e-06,-0.00020732653061226187,-4.671201814058993e-06,0.00017070702947844446
2025-09-02,0.0002568,-0.0002830857142857,0.0001190857142857,0.0001242285714285,1.3714285714285696e-05,0.0001533028571428
2025-09-03,0.0003821746031746031,-0.0005277188208616746,-2.201814058960381e-06,-0.00020732653061226187,-4.671201814058993e-06,0.00017070702947844446
2025-09-03,0.0002568,-0.0002830857142857,0.0001190857142857,0.0001242285714285,1.3714285714285696e-05,0.0001533028571428
2025-09-04,0.0003821746031746031,-0.0005277188208616746,-2.201814058960381e-06,-0.00020732653061226187,-4.671201814058993e-06,0.00017070702947844446
2025-09-04,0.0002568,-0.0002830857142857,0.0001190857142857,0.0001242285714285,1.3714285714285696e-05,0.0001533028571428
2025-09-05,0.0003821746031746031,-0.0005277188208616746,-2.201814058960381e-06,-0.00020732653061226187,-4.671201814058993e-06,0.00017070702947844446
2025-09-05,0.0002568,-0.0002830857142857,0.0001190857142857,0.0001242285714285,1.3714285714285696e-05,0.0001533028571428
2025-09-08,0.0003821746031746031,-0.0005277188208616746,-2.201814058960381e-06,-0.00020732653061226187,-4.671201814058993e-06,0.00017070702947844446
2025-09-08,0.0002568,-0.0002830857142857,0.0001190857142857,0.0001242285714285,1.3714285714285696e-05,0.0001533028571428
2025-09-09,0.0003821746031746031,-0.0005277188208616746,-2.201814058960381e-06,-0.00020732653061226187,-4.671201814058993e-06,0.00017070702947844446
2025-09-09,0.0002568,-0.0002830857142857,0.0001190857142857,0.0001242285714285,1.3714285714285696e-05,0.0001533028571428
2025-09-10,0.0002568,-0.0002830857142857,0.0001190857142857,0.0001242285714285,1.3714285714285696e-05,0.0001533028571428
2025-09-10,0.0003821746031746031,-0.0005277188208616746,-2.201814058960381e-06,-0.00020732653061226187,-4.671201814058993e-06,0.00017070702947844446
2025-09-11,0.0003821746031746031,-0.0005277188208616746,-2.201814058960381e-06,-0.00020732653061226187,-4.671201814058993e-06,0.00017070702947844446
2025-09-11,0.0002568,-0.0002830857142857,0.0001190857142857,0.0001242285714285,1.3714285714285696e-05,0.0001533028571428
2025-09-12,0.0002568,-0.0002830857142857,0.0001190857142857,0.0001242285714285,1.3714285714285696e-05,0.0001533028571428
2025-09-12,0.0003821746031746031,-0.0005277188208616746,-2.201814058960381e-06,-0.00020732653061226187,-4.671201814058993e-06,0.00017070702947844446
2025-09-15,0.0003821746031746031,-0.0005277188208616746,-2.201814058960381e-06,-0.00020732653061226187,-4.671201814058993e-06,0.00017070702947844446
2025-09-15,0.0002568,-0.0002830857142857,0.0001190857142857,0.0001242285714285,1.3714285714285696e-05,0.0001533028571428
2025-09-16,0.0003821746031746031,-0.0005277188208616746,-2.201814058960381e-06,-0.00020732653061226187,-4.671201814058993e-06,0.00017070702947844446
2025-09-16,0.0002568,-0.0002830857142857,0.0001190857142857,0.0001242285714285,1.3714285714285696e-05,0.0001533028571428
2025-09-17,0.0002568,-0.0002830857142857,0.0001190857142857,0.0001242285714285,1.3714285714285696e-05,0.0001533028571428
2025-09-17,0.0003821746031746031,-0.0005277188208616746,-2.201814058960381e-06,-0.00020732653061226187,-4.671201814058993e-06,0.00017070702947844446
2025-09-18,0.0003821746031746031,-0.0005277188208616746,-2.201814058960381e-06,-0.00020732653061226187,-4.671201814058993e-06,0.00017070702947844446
2025-09-18,0.0002568,-0.0002830857142857,0.0001190857142857,0.0001242285714285,1.3714285714285696e-05,0.0001533028571428
2025-09-19,0.0002568,-0.0002830857142857,0.0001190857142857,0.0001242285714285,1.3714285714285696e-05,0.0001533028571428
2025-09-19,0.0003821746031746031,-0.0005277188208616746,-2.201814058960381e-06,-0.00020732653061226187,-4.671201814058993e-06,0.00017070702947844446
2025-09-22,0.0002568,-0.0002830857142857,0.0001190857142857,0.0001242285714285,1.3714285714285696e-05,0.0001533028571428
2025-09-22,0.0003821746031746031,-0.0005277188208616746,-2.201814058960381e-06,-0.00020732653061226187,-4.671201814058993e-06,0.00017070702947844446
2025-09-23,0.0003821746031746031,-0.0005277188208616746,-2.201814058960381e-06,-0.00020732653061226187,-4.671201814058993e-06,0.00017070702947844446
2025-09-23,0.0002568,-0.0002830857142857,0.0001190857142857,0.0001242285714285,1.3714285714285696e-05,0.0001533028571428
2025-09-24,0.0002568,-0.0002830857142857,0.0001190857142857,0.0001242285714285,1.3714285714285696e-05,0.0001533028571428
2025-09-24,0.0003821746031746031,-0.0005277188208616746,-2.201814058960381e-06,-0.00020732653061226187,-4.671201814058993e-06,0.00017070702947844446
